label,char0,char1,char2,char3,char4,char5,char6,char7,char8,char9,char10,char11,char12,char13,char14,char15,char16,char17,char18,char19,char20,char21,char22,char23,char24,char25,char26,char27,char28,char29,char30,char31,char32,char33,char34,char35,char36,char37,char38,char39,char40,char41,char42,char43,char44,char45,char46,char47,char48,char49,char50,char51,char52,char53,char54,char55,char56,char57,char58,char59,char60,char61,char62,char63,char64,char65,char66,char67,char68,char69,char70,char71,char72,char73,char74,char75,char76,char77,char78,char79,char80,char81,char82,char83,char84,char85,char86,char87,char88,char89,char90,char91,char92,char93,char94,char95,char96,char97,char98,char99,char100,char101,char102,char103,char104,char105,char106,char107,char108,char109,char110,char111,char112,char113,char114,char115,char116,char117,char118,char119,char120,char121,char122
0,6,9,30,9,13,7,12,18,25,18,11,0,8,9,23,0,23,24,19,10,10,9,23,0,6,30,27,0,8,9,23,0,11,9,17,13,23,7,12,9,23,0,25,18,8,0,8,9,23,0,25,18,24,9,22,18,9,12,17,9,18,23,0,0,0,0,0,0,0,0,0,0,0,0,0,0,0,0,0,0,0,0,0,0,0,0,0,0,0,0,0,0,0,0,0,0,0,0,0,0,0,0,0,0,0,0,0,0,0,0,0,0,0,0,0,0,0,0,0,0,0,0,0
0,5,6,23,7,12,18,13,24,24,0,32,0,6,9,30,9,13,7,12,18,25,18,11,0,8,9,23,0,23,24,19,10,10,9,23,0,6,30,27,0,8,9,23,0,11,9,17,13,23,7,12,9,23,0,25,18,8,0,8,9,23,0,25,18,24,9,22,18,9,12,17,9,18,23,0,0,0,0,0,0,0,0,0,0,0,0,0,0,0,0,0,0,0,0,0,0,0,0,0,0,0,0,0,0,0,0,0,0,0,0,0,0,0,0,0,0,0,0,0,0,0,0,0
0,23,9,7,24,13,19,18,0,32,0,6,9,30,9,13,7,12,18,25,18,11,0,8,9,23,0,23,24,19,10,10,9,23,0,6,30,27,0,8,9,23,0,11,9,17,13,23,7,12,9,23,0,25,18,8,0,8,9,23,0,25,18,24,9,22,18,9,12,17,9,18,23,0,0,0,0,0,0,0,0,0,0,0,0,0,0,0,0,0,0,0,0,0,0,0,0,0,0,0,0,0,0,0,0,0,0,0,0,0,0,0,0,0,0,0,0,0,0,0,0,0,0,0
0,23,9,7,24,13,19,18,0,32,0,6,9,30,9,13,7,12,18,25,18,11,0,8,9,23,0,23,24,19,10,10,9,23,0,6,30,27,0,8,9,23,0,11,9,17,13,23,7,12,9,23,0,25,18,8,0,8,9,23,0,25,18,24,9,22,18,9,12,17,9,18,23,0,0,0,0,0,0,0,0,0,0,0,0,0,0,0,0,0,0,0,0,0,0,0,0,0,0,0,0,0,0,0,0,0,0,0,0,0,0,0,0,0,0,0,0,0,0,0,0,0,0,0
0,23,9,7,24,13,19,18,0,32,0,6,9,30,9,13,7,12,18,25,18,11,0,8,9,23,0,23,24,19,10,10,9,23,0,6,30,27,0,8,9,23,0,11,9,17,13,23,7,12,9,23,0,25,18,8,0,8,9,23,0,25,18,24,9,22,18,9,12,17,9,18,23,0,0,0,0,0,0,0,0,0,0,0,0,0,0,0,0,0,0,0,0,0,0,0,0,0,0,0,0,0,0,0,0,0,0,0,0,0,0,0,0,0,0,0,0,0,0,0,0,0,0,0
0,6,9,30,9,13,7,12,18,25,18,11,0,8,9,23,0,23,24,19,10,10,9,23,0,6,9,30,13,9,12,25,18,11,23,27,9,13,23,9,0,8,9,23,0,11,9,17,13,23,7,12,9,23,0,25,18,8,0,8,9,23,0,25,18,24,9,22,18,9,12,17,9,18,23,0,0,0,0,0,0,0,0,0,0,0,0,0,0,0,0,0,0,0,0,0,0,0,0,0,0,0,0,0,0,0,0,0,0,0,0,0,0,0,0,0,0,0,0,0,0,0,0,0
0,5,6,23,7,12,18,13,24,24,0,32,0,6,9,30,9,13,7,12,18,25,18,11,0,8,9,23,0,23,24,19,10,10,9,23,0,6,9,30,13,9,12,25,18,11,23,27,9,13,23,9,0,8,9,23,0,11,9,17,13,23,7,12,9,23,0,25,18,8,0,8,9,23,0,25,18,24,9,22,18,9,12,17,9,18,23,0,0,0,0,0,0,0,0,0,0,0,0,0,0,0,0,0,0,0,0,0,0,0,0,0,0,0,0,0,0,0,0,0,0,0,0,0
0,23,9,7,24,13,19,18,0,32,0,6,9,30,9,13,7,12,18,25,18,11,0,8,9,23,0,23,24,19,10,10,9,23,0,6,9,30,13,9,12,25,18,11,23,27,9,13,23,9,0,8,9,23,0,11,9,17,13,23,7,12,9,23,0,25,18,8,0,8,9,23,0,25,18,24,9,22,18,9,12,17,9,18,23,0,0,0,0,0,0,0,0,0,0,0,0,0,0,0,0,0,0,0,0,0,0,0,0,0,0,0,0,0,0,0,0,0,0,0,0,0,0,0
0,23,9,7,24,13,19,18,0,32,0,6,9,30,9,13,7,12,18,25,18,11,0,8,9,23,0,23,24,19,10,10,9,23,0,6,9,30,13,9,12,25,18,11,23,27,9,13,23,9,0,8,9,23,0,11,9,17,13,23,7,12,9,23,0,25,18,8,0,8,9,23,0,25,18,24,9,22,18,9,12,17,9,18,23,0,0,0,0,0,0,0,0,0,0,0,0,0,0,0,0,0,0,0,0,0,0,0,0,0,0,0,0,0,0,0,0,0,0,0,0,0,0,0
0,23,9,7,24,13,19,18,0,32,0,6,9,30,9,13,7,12,18,25,18,11,0,8,9,23,0,23,24,19,10,10,9,23,0,6,9,30,13,9,12,25,18,11,23,27,9,13,23,9,0,8,9,23,0,11,9,17,13,23,7,12,9,23,0,25,18,8,0,8,9,23,0,25,18,24,9,22,18,9,12,17,9,18,23,0,0,0,0,0,0,0,0,0,0,0,0,0,0,0,0,0,0,0,0,0,0,0,0,0,0,0,0,0,0,0,0,0,0,0,0,0,0,0
0,6,9,30,9,13,7,12,18,25,18,11,0,8,9,23,0,23,24,19,10,10,23,0,6,30,27,0,8,9,23,0,11,9,17,13,23,7,12,23,0,25,18,8,0,8,9,23,0,25,18,24,9,22,18,9,12,17,9,18,23,0,0,0,0,0,0,0,0,0,0,0,0,0,0,0,0,0,0,0,0,0,0,0,0,0,0,0,0,0,0,0,0,0,0,0,0,0,0,0,0,0,0,0,0,0,0,0,0,0,0,0,0,0,0,0,0,0,0,0,0,0,0,0
0,5,6,23,7,12,18,13,24,24,0,32,0,6,9,30,9,13,7,12,18,25,18,11,0,8,9,23,0,23,24,19,10,10,23,0,6,30,27,0,8,9,23,0,11,9,17,13,23,7,12,23,0,25,18,8,0,8,9,23,0,25,18,24,9,22,18,9,12,17,9,18,23,0,0,0,0,0,0,0,0,0,0,0,0,0,0,0,0,0,0,0,0,0,0,0,0,0,0,0,0,0,0,0,0,0,0,0,0,0,0,0,0,0,0,0,0,0,0,0,0,0,0,0
0,23,9,7,24,13,19,18,0,32,0,6,9,30,9,13,7,12,18,25,18,11,0,8,9,23,0,23,24,19,10,10,23,0,6,30,27,0,8,9,23,0,11,9,17,13,23,7,12,23,0,25,18,8,0,8,9,23,0,25,18,24,9,22,18,9,12,17,9,18,23,0,0,0,0,0,0,0,0,0,0,0,0,0,0,0,0,0,0,0,0,0,0,0,0,0,0,0,0,0,0,0,0,0,0,0,0,0,0,0,0,0,0,0,0,0,0,0,0,0,0,0,0,0
0,23,9,7,24,13,19,18,0,32,0,6,9,30,9,13,7,12,18,25,18,11,0,8,9,23,0,23,24,19,10,10,23,0,6,30,27,0,8,9,23,0,11,9,17,13,23,7,12,23,0,25,18,8,0,8,9,23,0,25,18,24,9,22,18,9,12,17,9,18,23,0,0,0,0,0,0,0,0,0,0,0,0,0,0,0,0,0,0,0,0,0,0,0,0,0,0,0,0,0,0,0,0,0,0,0,0,0,0,0,0,0,0,0,0,0,0,0,0,0,0,0,0,0
0,23,9,7,24,13,19,18,0,32,0,6,9,30,9,13,7,12,18,25,18,11,0,8,9,23,0,23,24,19,10,10,23,0,6,30,27,0,8,9,23,0,11,9,17,13,23,7,12,23,0,25,18,8,0,8,9,23,0,25,18,24,9,22,18,9,12,17,9,18,23,0,0,0,0,0,0,0,0,0,0,0,0,0,0,0,0,0,0,0,0,0,0,0,0,0,0,0,0,0,0,0,0,0,0,0,0,0,0,0,0,0,0,0,0,0,0,0,0,0,0,0,0,0
0,6,9,30,9,13,7,12,18,25,18,11,0,8,9,23,0,23,24,19,10,10,9,23,0,6,30,27,0,8,9,22,0,30,25,6,9,22,9,13,24,25,18,11,0,25,18,8,0,8,9,23,0,25,18,24,9,22,18,9,12,17,9,18,23,0,0,0,0,0,0,0,0,0,0,0,0,0,0,0,0,0,0,0,0,0,0,0,0,0,0,0,0,0,0,0,0,0,0,0,0,0,0,0,0,0,0,0,0,0,0,0,0,0,0,0,0,0,0,0,0,0,0,0
0,5,6,23,7,12,18,13,24,24,0,32,0,6,9,30,9,13,7,12,18,25,18,11,0,8,9,23,0,23,24,19,10,10,9,23,0,6,30,27,0,8,9,22,0,30,25,6,9,22,9,13,24,25,18,11,0,25,18,8,0,8,9,23,0,25,18,24,9,22,18,9,12,17,9,18,23,0,0,0,0,0,0,0,0,0,0,0,0,0,0,0,0,0,0,0,0,0,0,0,0,0,0,0,0,0,0,0,0,0,0,0,0,0,0,0,0,0,0,0,0,0,0,0
0,23,9,7,24,13,19,18,0,32,0,6,9,30,9,13,7,12,18,25,18,11,0,8,9,23,0,23,24,19,10,10,9,23,0,6,30,27,0,8,9,22,0,30,25,6,9,22,9,13,24,25,18,11,0,25,18,8,0,8,9,23,0,25,18,24,9,22,18,9,12,17,9,18,23,0,0,0,0,0,0,0,0,0,0,0,0,0,0,0,0,0,0,0,0,0,0,0,0,0,0,0,0,0,0,0,0,0,0,0,0,0,0,0,0,0,0,0,0,0,0,0,0,0
0,23,9,7,24,13,19,18,0,32,0,6,9,30,9,13,7,12,18,25,18,11,0,8,9,23,0,23,24,19,10,10,9,23,0,6,30,27,0,8,9,22,0,30,25,6,9,22,9,13,24,25,18,11,0,25,18,8,0,8,9,23,0,25,18,24,9,22,18,9,12,17,9,18,23,0,0,0,0,0,0,0,0,0,0,0,0,0,0,0,0,0,0,0,0,0,0,0,0,0,0,0,0,0,0,0,0,0,0,0,0,0,0,0,0,0,0,0,0,0,0,0,0,0
0,23,9,7,24,13,19,18,0,32,0,6,9,30,9,13,7,12,18,25,18,11,0,8,9,23,0,23,24,19,10,10,9,23,0,6,30,27,0,8,9,22,0,30,25,6,9,22,9,13,24,25,18,11,0,25,18,8,0,8,9,23,0,25,18,24,9,22,18,9,12,17,9,18,23,0,0,0,0,0,0,0,0,0,0,0,0,0,0,0,0,0,0,0,0,0,0,0,0,0,0,0,0,0,0,0,0,0,0,0,0,0,0,0,0,0,0,0,0,0,0,0,0,0
0,6,9,30,9,13,7,12,18,25,18,11,0,8,9,23,0,23,24,19,10,10,23,0,6,9,30,13,9,12,25,18,11,23,27,9,13,23,9,0,8,9,23,0,11,9,17,13,23,7,12,23,0,25,18,8,0,8,9,23,0,25,18,24,9,22,18,9,12,17,9,18,23,0,0,0,0,0,0,0,0,0,0,0,0,0,0,0,0,0,0,0,0,0,0,0,0,0,0,0,0,0,0,0,0,0,0,0,0,0,0,0,0,0,0,0,0,0,0,0,0,0,0,0
0,5,6,23,7,12,18,13,24,24,0,32,0,6,9,30,9,13,7,12,18,25,18,11,0,8,9,23,0,23,24,19,10,10,23,0,6,9,30,13,9,12,25,18,11,23,27,9,13,23,9,0,8,9,23,0,11,9,17,13,23,7,12,23,0,25,18,8,0,8,9,23,0,25,18,24,9,22,18,9,12,17,9,18,23,0,0,0,0,0,0,0,0,0,0,0,0,0,0,0,0,0,0,0,0,0,0,0,0,0,0,0,0,0,0,0,0,0,0,0,0,0,0,0
0,23,9,7,24,13,19,18,0,32,0,6,9,30,9,13,7,12,18,25,18,11,0,8,9,23,0,23,24,19,10,10,23,0,6,9,30,13,9,12,25,18,11,23,27,9,13,23,9,0,8,9,23,0,11,9,17,13,23,7,12,23,0,25,18,8,0,8,9,23,0,25,18,24,9,22,18,9,12,17,9,18,23,0,0,0,0,0,0,0,0,0,0,0,0,0,0,0,0,0,0,0,0,0,0,0,0,0,0,0,0,0,0,0,0,0,0,0,0,0,0,0,0,0
0,23,9,7,24,13,19,18,0,32,0,6,9,30,9,13,7,12,18,25,18,11,0,8,9,23,0,23,24,19,10,10,23,0,6,9,30,13,9,12,25,18,11,23,27,9,13,23,9,0,8,9,23,0,11,9,17,13,23,7,12,23,0,25,18,8,0,8,9,23,0,25,18,24,9,22,18,9,12,17,9,18,23,0,0,0,0,0,0,0,0,0,0,0,0,0,0,0,0,0,0,0,0,0,0,0,0,0,0,0,0,0,0,0,0,0,0,0,0,0,0,0,0,0
0,23,9,7,24,13,19,18,0,32,0,6,9,30,9,13,7,12,18,25,18,11,0,8,9,23,0,23,24,19,10,10,23,0,6,9,30,13,9,12,25,18,11,23,27,9,13,23,9,0,8,9,23,0,11,9,17,13,23,7,12,23,0,25,18,8,0,8,9,23,0,25,18,24,9,22,18,9,12,17,9,18,23,0,0,0,0,0,0,0,0,0,0,0,0,0,0,0,0,0,0,0,0,0,0,0,0,0,0,0,0,0,0,0,0,0,0,0,0,0,0,0,0,0
0,6,9,30,9,13,7,12,18,25,18,11,0,8,9,23,0,23,24,19,10,10,9,23,0,6,30,27,0,8,9,23,0,11,9,17,13,23,7,12,9,23,0,25,18,8,0,10,13,22,17,9,18,6,9,30,9,13,7,12,18,25,18,11,0,0,0,0,0,0,0,0,0,0,0,0,0,0,0,0,0,0,0,0,0,0,0,0,0,0,0,0,0,0,0,0,0,0,0,0,0,0,0,0,0,0,0,0,0,0,0,0,0,0,0,0,0,0,0,0,0,0,0,0
0,5,6,23,7,12,18,13,24,24,0,32,0,6,9,30,9,13,7,12,18,25,18,11,0,8,9,23,0,23,24,19,10,10,9,23,0,6,30,27,0,8,9,23,0,11,9,17,13,23,7,12,9,23,0,25,18,8,0,10,13,22,17,9,18,6,9,30,9,13,7,12,18,25,18,11,0,0,0,0,0,0,0,0,0,0,0,0,0,0,0,0,0,0,0,0,0,0,0,0,0,0,0,0,0,0,0,0,0,0,0,0,0,0,0,0,0,0,0,0,0,0,0,0
0,23,9,7,24,13,19,18,0,32,0,6,9,30,9,13,7,12,18,25,18,11,0,8,9,23,0,23,24,19,10,10,9,23,0,6,30,27,0,8,9,23,0,11,9,17,13,23,7,12,9,23,0,25,18,8,0,10,13,22,17,9,18,6,9,30,9,13,7,12,18,25,18,11,0,0,0,0,0,0,0,0,0,0,0,0,0,0,0,0,0,0,0,0,0,0,0,0,0,0,0,0,0,0,0,0,0,0,0,0,0,0,0,0,0,0,0,0,0,0,0,0,0,0
0,23,9,7,24,13,19,18,0,32,0,6,9,30,9,13,7,12,18,25,18,11,0,8,9,23,0,23,24,19,10,10,9,23,0,6,30,27,0,8,9,23,0,11,9,17,13,23,7,12,9,23,0,25,18,8,0,10,13,22,17,9,18,6,9,30,9,13,7,12,18,25,18,11,0,0,0,0,0,0,0,0,0,0,0,0,0,0,0,0,0,0,0,0,0,0,0,0,0,0,0,0,0,0,0,0,0,0,0,0,0,0,0,0,0,0,0,0,0,0,0,0,0,0
0,23,9,7,24,13,19,18,0,32,0,6,9,30,9,13,7,12,18,25,18,11,0,8,9,23,0,23,24,19,10,10,9,23,0,6,30,27,0,8,9,23,0,11,9,17,13,23,7,12,9,23,0,25,18,8,0,10,13,22,17,9,18,6,9,30,9,13,7,12,18,25,18,11,0,0,0,0,0,0,0,0,0,0,0,0,0,0,0,0,0,0,0,0,0,0,0,0,0,0,0,0,0,0,0,0,0,0,0,0,0,0,0,0,0,0,0,0,0,0,0,0,0,0
1,17,3,11,16,13,7,12,9,0,11,9,10,5,12,22,9,18,0,0,0,0,0,0,0,0,0,0,0,0,0,0,0,0,0,0,0,0,0,0,0,0,0,0,0,0,0,0,0,0,0,0,0,0,0,0,0,0,0,0,0,0,0,0,0,0,0,0,0,0,0,0,0,0,0,0,0,0,0,0,0,0,0,0,0,0,0,0,0,0,0,0,0,0,0,0,0,0,0,0,0,0,0,0,0,0,0,0,0,0,0,0,0,0,0,0,0,0,0,0,0,0,0,0
1,5,6,23,7,12,18,13,24,24,0,33,0,17,3,11,16,13,7,12,9,0,11,9,10,5,12,22,9,18,0,0,0,0,0,0,0,0,0,0,0,0,0,0,0,0,0,0,0,0,0,0,0,0,0,0,0,0,0,0,0,0,0,0,0,0,0,0,0,0,0,0,0,0,0,0,0,0,0,0,0,0,0,0,0,0,0,0,0,0,0,0,0,0,0,0,0,0,0,0,0,0,0,0,0,0,0,0,0,0,0,0,0,0,0,0,0,0,0,0,0,0,0,0
1,23,9,7,24,13,19,18,0,33,0,17,3,11,16,13,7,12,9,0,11,9,10,5,12,22,9,18,0,0,0,0,0,0,0,0,0,0,0,0,0,0,0,0,0,0,0,0,0,0,0,0,0,0,0,0,0,0,0,0,0,0,0,0,0,0,0,0,0,0,0,0,0,0,0,0,0,0,0,0,0,0,0,0,0,0,0,0,0,0,0,0,0,0,0,0,0,0,0,0,0,0,0,0,0,0,0,0,0,0,0,0,0,0,0,0,0,0,0,0,0,0,0,0
1,23,9,7,24,13,19,18,0,33,0,17,3,11,16,13,7,12,9,0,11,9,10,5,12,22,9,18,0,0,0,0,0,0,0,0,0,0,0,0,0,0,0,0,0,0,0,0,0,0,0,0,0,0,0,0,0,0,0,0,0,0,0,0,0,0,0,0,0,0,0,0,0,0,0,0,0,0,0,0,0,0,0,0,0,0,0,0,0,0,0,0,0,0,0,0,0,0,0,0,0,0,0,0,0,0,0,0,0,0,0,0,0,0,0,0,0,0,0,0,0,0,0,0
1,23,9,7,24,13,19,18,0,33,0,17,3,11,16,13,7,12,9,0,11,9,10,5,12,22,9,18,0,0,0,0,0,0,0,0,0,0,0,0,0,0,0,0,0,0,0,0,0,0,0,0,0,0,0,0,0,0,0,0,0,0,0,0,0,0,0,0,0,0,0,0,0,0,0,0,0,0,0,0,0,0,0,0,0,0,0,0,0,0,0,0,0,0,0,0,0,0,0,0,0,0,0,0,0,0,0,0,0,0,0,0,0,0,0,0,0,0,0,0,0,0,0,0
2,30,25,23,5,17,17,9,18,23,9,24,30,25,18,11,0,5,18,11,5,6,9,18,0,30,25,0,6,9,23,24,5,18,8,24,9,13,16,9,18,0,0,0,0,0,0,0,0,0,0,0,0,0,0,0,0,0,0,0,0,0,0,0,0,0,0,0,0,0,0,0,0,0,0,0,0,0,0,0,0,0,0,0,0,0,0,0,0,0,0,0,0,0,0,0,0,0,0,0,0,0,0,0,0,0,0,0,0,0,0,0,0,0,0,0,0,0,0,0,0,0,0,0
2,5,6,23,7,12,18,13,24,24,0,34,0,30,25,23,5,17,17,9,18,23,9,24,30,25,18,11,0,5,18,11,5,6,9,18,0,30,25,0,6,9,23,24,5,18,8,24,9,13,16,9,18,0,0,0,0,0,0,0,0,0,0,0,0,0,0,0,0,0,0,0,0,0,0,0,0,0,0,0,0,0,0,0,0,0,0,0,0,0,0,0,0,0,0,0,0,0,0,0,0,0,0,0,0,0,0,0,0,0,0,0,0,0,0,0,0,0,0,0,0,0,0,0
2,23,9,7,24,13,19,18,0,34,0,30,25,23,5,17,17,9,18,23,9,24,30,25,18,11,0,5,18,11,5,6,9,18,0,30,25,0,6,9,23,24,5,18,8,24,9,13,16,9,18,0,0,0,0,0,0,0,0,0,0,0,0,0,0,0,0,0,0,0,0,0,0,0,0,0,0,0,0,0,0,0,0,0,0,0,0,0,0,0,0,0,0,0,0,0,0,0,0,0,0,0,0,0,0,0,0,0,0,0,0,0,0,0,0,0,0,0,0,0,0,0,0,0
2,23,9,7,24,13,19,18,0,34,0,30,25,23,5,17,17,9,18,23,9,24,30,25,18,11,0,5,18,11,5,6,9,18,0,30,25,0,6,9,23,24,5,18,8,24,9,13,16,9,18,0,0,0,0,0,0,0,0,0,0,0,0,0,0,0,0,0,0,0,0,0,0,0,0,0,0,0,0,0,0,0,0,0,0,0,0,0,0,0,0,0,0,0,0,0,0,0,0,0,0,0,0,0,0,0,0,0,0,0,0,0,0,0,0,0,0,0,0,0,0,0,0,0
2,23,9,7,24,13,19,18,0,34,0,30,25,23,5,17,17,9,18,23,9,24,30,25,18,11,0,5,18,11,5,6,9,18,0,30,25,0,6,9,23,24,5,18,8,24,9,13,16,9,18,0,0,0,0,0,0,0,0,0,0,0,0,0,0,0,0,0,0,0,0,0,0,0,0,0,0,0,0,0,0,0,0,0,0,0,0,0,0,0,0,0,0,0,0,0,0,0,0,0,0,0,0,0,0,0,0,0,0,0,0,0,0,0,0,0,0,0,0,0,0,0,0,0
3,9,22,23,24,9,0,12,13,16,10,9,0,17,5,4,18,5,12,17,9,18,0,0,0,0,0,0,0,0,0,0,0,0,0,0,0,0,0,0,0,0,0,0,0,0,0,0,0,0,0,0,0,0,0,0,0,0,0,0,0,0,0,0,0,0,0,0,0,0,0,0,0,0,0,0,0,0,0,0,0,0,0,0,0,0,0,0,0,0,0,0,0,0,0,0,0,0,0,0,0,0,0,0,0,0,0,0,0,0,0,0,0,0,0,0,0,0,0,0,0,0,0,0
3,5,6,23,7,12,18,13,24,24,0,35,0,9,22,23,24,9,0,12,13,16,10,9,0,17,5,4,18,5,12,17,9,18,0,0,0,0,0,0,0,0,0,0,0,0,0,0,0,0,0,0,0,0,0,0,0,0,0,0,0,0,0,0,0,0,0,0,0,0,0,0,0,0,0,0,0,0,0,0,0,0,0,0,0,0,0,0,0,0,0,0,0,0,0,0,0,0,0,0,0,0,0,0,0,0,0,0,0,0,0,0,0,0,0,0,0,0,0,0,0,0,0,0
3,23,9,7,24,13,19,18,0,35,0,9,22,23,24,9,0,12,13,16,10,9,0,17,5,4,18,5,12,17,9,18,0,0,0,0,0,0,0,0,0,0,0,0,0,0,0,0,0,0,0,0,0,0,0,0,0,0,0,0,0,0,0,0,0,0,0,0,0,0,0,0,0,0,0,0,0,0,0,0,0,0,0,0,0,0,0,0,0,0,0,0,0,0,0,0,0,0,0,0,0,0,0,0,0,0,0,0,0,0,0,0,0,0,0,0,0,0,0,0,0,0,0,0
3,23,9,7,24,13,19,18,0,35,0,9,22,23,24,9,0,12,13,16,10,9,0,17,5,4,18,5,12,17,9,18,0,0,0,0,0,0,0,0,0,0,0,0,0,0,0,0,0,0,0,0,0,0,0,0,0,0,0,0,0,0,0,0,0,0,0,0,0,0,0,0,0,0,0,0,0,0,0,0,0,0,0,0,0,0,0,0,0,0,0,0,0,0,0,0,0,0,0,0,0,0,0,0,0,0,0,0,0,0,0,0,0,0,0,0,0,0,0,0,0,0,0,0
3,23,9,7,24,13,19,18,0,35,0,9,22,23,24,9,0,12,13,16,10,9,0,17,5,4,18,5,12,17,9,18,0,0,0,0,0,0,0,0,0,0,0,0,0,0,0,0,0,0,0,0,0,0,0,0,0,0,0,0,0,0,0,0,0,0,0,0,0,0,0,0,0,0,0,0,0,0,0,0,0,0,0,0,0,0,0,0,0,0,0,0,0,0,0,0,0,0,0,0,0,0,0,0,0,0,0,0,0,0,0,0,0,0,0,0,0,0,0,0,0,0,0,0
4,17,5,4,18,5,12,17,9,18,0,30,25,22,0,6,22,5,18,8,6,9,15,1,17,20,10,25,18,11,0,0,0,0,0,0,0,0,0,0,0,0,0,0,0,0,0,0,0,0,0,0,0,0,0,0,0,0,0,0,0,0,0,0,0,0,0,0,0,0,0,0,0,0,0,0,0,0,0,0,0,0,0,0,0,0,0,0,0,0,0,0,0,0,0,0,0,0,0,0,0,0,0,0,0,0,0,0,0,0,0,0,0,0,0,0,0,0,0,0,0,0,0,0
4,5,6,23,7,12,18,13,24,24,0,36,0,17,5,4,18,5,12,17,9,18,0,30,25,22,0,6,22,5,18,8,6,9,15,1,17,20,10,25,18,11,0,0,0,0,0,0,0,0,0,0,0,0,0,0,0,0,0,0,0,0,0,0,0,0,0,0,0,0,0,0,0,0,0,0,0,0,0,0,0,0,0,0,0,0,0,0,0,0,0,0,0,0,0,0,0,0,0,0,0,0,0,0,0,0,0,0,0,0,0,0,0,0,0,0,0,0,0,0,0,0,0,0
4,23,9,7,24,13,19,18,0,36,0,17,5,4,18,5,12,17,9,18,0,30,25,22,0,6,22,5,18,8,6,9,15,1,17,20,10,25,18,11,0,0,0,0,0,0,0,0,0,0,0,0,0,0,0,0,0,0,0,0,0,0,0,0,0,0,0,0,0,0,0,0,0,0,0,0,0,0,0,0,0,0,0,0,0,0,0,0,0,0,0,0,0,0,0,0,0,0,0,0,0,0,0,0,0,0,0,0,0,0,0,0,0,0,0,0,0,0,0,0,0,0,0,0
4,23,9,7,24,13,19,18,0,36,0,17,5,4,18,5,12,17,9,18,0,30,25,22,0,6,22,5,18,8,6,9,15,1,17,20,10,25,18,11,0,0,0,0,0,0,0,0,0,0,0,0,0,0,0,0,0,0,0,0,0,0,0,0,0,0,0,0,0,0,0,0,0,0,0,0,0,0,0,0,0,0,0,0,0,0,0,0,0,0,0,0,0,0,0,0,0,0,0,0,0,0,0,0,0,0,0,0,0,0,0,0,0,0,0,0,0,0,0,0,0,0,0,0
4,23,9,7,24,13,19,18,0,36,0,17,5,4,18,5,12,17,9,18,0,30,25,22,0,6,22,5,18,8,6,9,15,1,17,20,10,25,18,11,0,0,0,0,0,0,0,0,0,0,0,0,0,0,0,0,0,0,0,0,0,0,0,0,0,0,0,0,0,0,0,0,0,0,0,0,0,0,0,0,0,0,0,0,0,0,0,0,0,0,0,0,0,0,0,0,0,0,0,0,0,0,0,0,0,0,0,0,0,0,0,0,0,0,0,0,0,0,0,0,0,0,0,0
4,17,5,23,23,18,5,12,17,9,18,0,30,25,22,0,6,22,5,18,8,6,9,15,1,17,20,10,25,18,11,0,0,0,0,0,0,0,0,0,0,0,0,0,0,0,0,0,0,0,0,0,0,0,0,0,0,0,0,0,0,0,0,0,0,0,0,0,0,0,0,0,0,0,0,0,0,0,0,0,0,0,0,0,0,0,0,0,0,0,0,0,0,0,0,0,0,0,0,0,0,0,0,0,0,0,0,0,0,0,0,0,0,0,0,0,0,0,0,0,0,0,0,0
4,5,6,23,7,12,18,13,24,24,0,36,0,17,5,23,23,18,5,12,17,9,18,0,30,25,22,0,6,22,5,18,8,6,9,15,1,17,20,10,25,18,11,0,0,0,0,0,0,0,0,0,0,0,0,0,0,0,0,0,0,0,0,0,0,0,0,0,0,0,0,0,0,0,0,0,0,0,0,0,0,0,0,0,0,0,0,0,0,0,0,0,0,0,0,0,0,0,0,0,0,0,0,0,0,0,0,0,0,0,0,0,0,0,0,0,0,0,0,0,0,0,0,0
4,23,9,7,24,13,19,18,0,36,0,17,5,23,23,18,5,12,17,9,18,0,30,25,22,0,6,22,5,18,8,6,9,15,1,17,20,10,25,18,11,0,0,0,0,0,0,0,0,0,0,0,0,0,0,0,0,0,0,0,0,0,0,0,0,0,0,0,0,0,0,0,0,0,0,0,0,0,0,0,0,0,0,0,0,0,0,0,0,0,0,0,0,0,0,0,0,0,0,0,0,0,0,0,0,0,0,0,0,0,0,0,0,0,0,0,0,0,0,0,0,0,0,0
4,23,9,7,24,13,19,18,0,36,0,17,5,23,23,18,5,12,17,9,18,0,30,25,22,0,6,22,5,18,8,6,9,15,1,17,20,10,25,18,11,0,0,0,0,0,0,0,0,0,0,0,0,0,0,0,0,0,0,0,0,0,0,0,0,0,0,0,0,0,0,0,0,0,0,0,0,0,0,0,0,0,0,0,0,0,0,0,0,0,0,0,0,0,0,0,0,0,0,0,0,0,0,0,0,0,0,0,0,0,0,0,0,0,0,0,0,0,0,0,0,0,0,0
4,23,9,7,24,13,19,18,0,36,0,17,5,23,23,18,5,12,17,9,18,0,30,25,22,0,6,22,5,18,8,6,9,15,1,17,20,10,25,18,11,0,0,0,0,0,0,0,0,0,0,0,0,0,0,0,0,0,0,0,0,0,0,0,0,0,0,0,0,0,0,0,0,0,0,0,0,0,0,0,0,0,0,0,0,0,0,0,0,0,0,0,0,0,0,0,0,0,0,0,0,0,0,0,0,0,0,0,0,0,0,0,0,0,0,0,0,0,0,0,0,0,0,0
5,17,5,4,18,5,12,17,9,18,0,6,9,13,0,25,18,6,9,5,6,23,13,7,12,24,13,11,24,9,22,0,10,22,9,13,23,9,24,30,25,18,11,0,0,0,0,0,0,0,0,0,0,0,0,0,0,0,0,0,0,0,0,0,0,0,0,0,0,0,0,0,0,0,0,0,0,0,0,0,0,0,0,0,0,0,0,0,0,0,0,0,0,0,0,0,0,0,0,0,0,0,0,0,0,0,0,0,0,0,0,0,0,0,0,0,0,0,0,0,0,0,0,0
5,5,6,23,7,12,18,13,24,24,0,37,0,17,5,4,18,5,12,17,9,18,0,6,9,13,0,25,18,6,9,5,6,23,13,7,12,24,13,11,24,9,22,0,10,22,9,13,23,9,24,30,25,18,11,0,0,0,0,0,0,0,0,0,0,0,0,0,0,0,0,0,0,0,0,0,0,0,0,0,0,0,0,0,0,0,0,0,0,0,0,0,0,0,0,0,0,0,0,0,0,0,0,0,0,0,0,0,0,0,0,0,0,0,0,0,0,0,0,0,0,0,0,0
5,23,9,7,24,13,19,18,0,37,0,17,5,4,18,5,12,17,9,18,0,6,9,13,0,25,18,6,9,5,6,23,13,7,12,24,13,11,24,9,22,0,10,22,9,13,23,9,24,30,25,18,11,0,0,0,0,0,0,0,0,0,0,0,0,0,0,0,0,0,0,0,0,0,0,0,0,0,0,0,0,0,0,0,0,0,0,0,0,0,0,0,0,0,0,0,0,0,0,0,0,0,0,0,0,0,0,0,0,0,0,0,0,0,0,0,0,0,0,0,0,0,0,0
5,23,9,7,24,13,19,18,0,37,0,17,5,4,18,5,12,17,9,18,0,6,9,13,0,25,18,6,9,5,6,23,13,7,12,24,13,11,24,9,22,0,10,22,9,13,23,9,24,30,25,18,11,0,0,0,0,0,0,0,0,0,0,0,0,0,0,0,0,0,0,0,0,0,0,0,0,0,0,0,0,0,0,0,0,0,0,0,0,0,0,0,0,0,0,0,0,0,0,0,0,0,0,0,0,0,0,0,0,0,0,0,0,0,0,0,0,0,0,0,0,0,0,0
5,23,9,7,24,13,19,18,0,37,0,17,5,4,18,5,12,17,9,18,0,6,9,13,0,25,18,6,9,5,6,23,13,7,12,24,13,11,24,9,22,0,10,22,9,13,23,9,24,30,25,18,11,0,0,0,0,0,0,0,0,0,0,0,0,0,0,0,0,0,0,0,0,0,0,0,0,0,0,0,0,0,0,0,0,0,0,0,0,0,0,0,0,0,0,0,0,0,0,0,0,0,0,0,0,0,0,0,0,0,0,0,0,0,0,0,0,0,0,0,0,0,0,0
6,12,5,18,8,12,5,6,25,18,11,0,25,18,8,0,16,5,11,9,22,25,18,11,0,0,0,0,0,0,0,0,0,0,0,0,0,0,0,0,0,0,0,0,0,0,0,0,0,0,0,0,0,0,0,0,0,0,0,0,0,0,0,0,0,0,0,0,0,0,0,0,0,0,0,0,0,0,0,0,0,0,0,0,0,0,0,0,0,0,0,0,0,0,0,0,0,0,0,0,0,0,0,0,0,0,0,0,0,0,0,0,0,0,0,0,0,0,0,0,0,0,0,0
6,5,6,23,7,12,18,13,24,24,0,38,0,12,5,18,8,12,5,6,25,18,11,0,25,18,8,0,16,5,11,9,22,25,18,11,0,0,0,0,0,0,0,0,0,0,0,0,0,0,0,0,0,0,0,0,0,0,0,0,0,0,0,0,0,0,0,0,0,0,0,0,0,0,0,0,0,0,0,0,0,0,0,0,0,0,0,0,0,0,0,0,0,0,0,0,0,0,0,0,0,0,0,0,0,0,0,0,0,0,0,0,0,0,0,0,0,0,0,0,0,0,0,0
6,23,9,7,24,13,19,18,0,38,0,12,5,18,8,12,5,6,25,18,11,0,25,18,8,0,16,5,11,9,22,25,18,11,0,0,0,0,0,0,0,0,0,0,0,0,0,0,0,0,0,0,0,0,0,0,0,0,0,0,0,0,0,0,0,0,0,0,0,0,0,0,0,0,0,0,0,0,0,0,0,0,0,0,0,0,0,0,0,0,0,0,0,0,0,0,0,0,0,0,0,0,0,0,0,0,0,0,0,0,0,0,0,0,0,0,0,0,0,0,0,0,0,0
6,23,9,7,24,13,19,18,0,38,0,12,5,18,8,12,5,6,25,18,11,0,25,18,8,0,16,5,11,9,22,25,18,11,0,0,0,0,0,0,0,0,0,0,0,0,0,0,0,0,0,0,0,0,0,0,0,0,0,0,0,0,0,0,0,0,0,0,0,0,0,0,0,0,0,0,0,0,0,0,0,0,0,0,0,0,0,0,0,0,0,0,0,0,0,0,0,0,0,0,0,0,0,0,0,0,0,0,0,0,0,0,0,0,0,0,0,0,0,0,0,0,0,0
6,23,9,7,24,13,19,18,0,38,0,12,5,18,8,12,5,6,25,18,11,0,25,18,8,0,16,5,11,9,22,25,18,11,0,0,0,0,0,0,0,0,0,0,0,0,0,0,0,0,0,0,0,0,0,0,0,0,0,0,0,0,0,0,0,0,0,0,0,0,0,0,0,0,0,0,0,0,0,0,0,0,0,0,0,0,0,0,0,0,0,0,0,0,0,0,0,0,0,0,0,0,0,0,0,0,0,0,0,0,0,0,0,0,0,0,0,0,0,0,0,0,0,0
7,6,9,11,22,9,18,30,25,18,11,0,25,18,8,0,2,6,9,22,27,5,7,12,25,18,11,0,8,9,22,0,9,28,20,19,23,13,24,13,19,18,0,20,9,22,23,3,18,16,13,7,12,9,0,23,7,12,25,24,30,5,25,23,22,2,23,24,25,18,11,0,0,0,0,0,0,0,0,0,0,0,0,0,0,0,0,0,0,0,0,0,0,0,0,0,0,0,0,0,0,0,0,0,0,0,0,0,0,0,0,0,0,0,0,0,0,0,0,0,0,0,0,0
7,5,6,23,7,12,18,13,24,24,0,39,0,6,9,11,22,9,18,30,25,18,11,0,25,18,8,0,2,6,9,22,27,5,7,12,25,18,11,0,8,9,22,0,9,28,20,19,23,13,24,13,19,18,0,20,9,22,23,3,18,16,13,7,12,9,0,23,7,12,25,24,30,5,25,23,22,2,23,24,25,18,11,0,0,0,0,0,0,0,0,0,0,0,0,0,0,0,0,0,0,0,0,0,0,0,0,0,0,0,0,0,0,0,0,0,0,0,0,0,0,0,0,0
7,23,9,7,24,13,19,18,0,39,0,6,9,11,22,9,18,30,25,18,11,0,25,18,8,0,2,6,9,22,27,5,7,12,25,18,11,0,8,9,22,0,9,28,20,19,23,13,24,13,19,18,0,20,9,22,23,3,18,16,13,7,12,9,0,23,7,12,25,24,30,5,25,23,22,2,23,24,25,18,11,0,0,0,0,0,0,0,0,0,0,0,0,0,0,0,0,0,0,0,0,0,0,0,0,0,0,0,0,0,0,0,0,0,0,0,0,0,0,0,0,0,0,0
7,23,9,7,24,13,19,18,0,39,0,6,9,11,22,9,18,30,25,18,11,0,25,18,8,0,2,6,9,22,27,5,7,12,25,18,11,0,8,9,22,0,9,28,20,19,23,13,24,13,19,18,0,20,9,22,23,3,18,16,13,7,12,9,0,23,7,12,25,24,30,5,25,23,22,2,23,24,25,18,11,0,0,0,0,0,0,0,0,0,0,0,0,0,0,0,0,0,0,0,0,0,0,0,0,0,0,0,0,0,0,0,0,0,0,0,0,0,0,0,0,0,0,0
7,23,9,7,24,13,19,18,0,39,0,6,9,11,22,9,18,30,25,18,11,0,25,18,8,0,2,6,9,22,27,5,7,12,25,18,11,0,8,9,22,0,9,28,20,19,23,13,24,13,19,18,0,20,9,22,23,3,18,16,13,7,12,9,0,23,7,12,25,24,30,5,25,23,22,2,23,24,25,18,11,0,0,0,0,0,0,0,0,0,0,0,0,0,0,0,0,0,0,0,0,0,0,0,0,0,0,0,0,0,0,0,0,0,0,0,0,0,0,0,0,0,0,0
8,20,12,29,23,13,15,5,16,13,23,7,12,9,0,25,18,8,0,7,12,9,17,13,23,7,12,9,0,9,13,11,9,18,23,7,12,5,10,24,9,18,0,0,0,0,0,0,0,0,0,0,0,0,0,0,0,0,0,0,0,0,0,0,0,0,0,0,0,0,0,0,0,0,0,0,0,0,0,0,0,0,0,0,0,0,0,0,0,0,0,0,0,0,0,0,0,0,0,0,0,0,0,0,0,0,0,0,0,0,0,0,0,0,0,0,0,0,0,0,0,0,0,0
8,5,6,23,7,12,18,13,24,24,0,40,0,20,12,29,23,13,15,5,16,13,23,7,12,9,0,25,18,8,0,7,12,9,17,13,23,7,12,9,0,9,13,11,9,18,23,7,12,5,10,24,9,18,0,0,0,0,0,0,0,0,0,0,0,0,0,0,0,0,0,0,0,0,0,0,0,0,0,0,0,0,0,0,0,0,0,0,0,0,0,0,0,0,0,0,0,0,0,0,0,0,0,0,0,0,0,0,0,0,0,0,0,0,0,0,0,0,0,0,0,0,0,0
8,23,9,7,24,13,19,18,0,40,0,20,12,29,23,13,15,5,16,13,23,7,12,9,0,25,18,8,0,7,12,9,17,13,23,7,12,9,0,9,13,11,9,18,23,7,12,5,10,24,9,18,0,0,0,0,0,0,0,0,0,0,0,0,0,0,0,0,0,0,0,0,0,0,0,0,0,0,0,0,0,0,0,0,0,0,0,0,0,0,0,0,0,0,0,0,0,0,0,0,0,0,0,0,0,0,0,0,0,0,0,0,0,0,0,0,0,0,0,0,0,0,0,0
8,23,9,7,24,13,19,18,0,40,0,20,12,29,23,13,15,5,16,13,23,7,12,9,0,25,18,8,0,7,12,9,17,13,23,7,12,9,0,9,13,11,9,18,23,7,12,5,10,24,9,18,0,0,0,0,0,0,0,0,0,0,0,0,0,0,0,0,0,0,0,0,0,0,0,0,0,0,0,0,0,0,0,0,0,0,0,0,0,0,0,0,0,0,0,0,0,0,0,0,0,0,0,0,0,0,0,0,0,0,0,0,0,0,0,0,0,0,0,0,0,0,0,0
8,23,9,7,24,13,19,18,0,40,0,20,12,29,23,13,15,5,16,13,23,7,12,9,0,25,18,8,0,7,12,9,17,13,23,7,12,9,0,9,13,11,9,18,23,7,12,5,10,24,9,18,0,0,0,0,0,0,0,0,0,0,0,0,0,0,0,0,0,0,0,0,0,0,0,0,0,0,0,0,0,0,0,0,0,0,0,0,0,0,0,0,0,0,0,0,0,0,0,0,0,0,0,0,0,0,0,0,0,0,0,0,0,0,0,0,0,0,0,0,0,0,0,0
9,23,24,5,6,13,16,13,24,1,24,0,25,18,8,0,22,9,5,15,24,13,26,13,24,1,24,0,0,0,0,0,0,0,0,0,0,0,0,0,0,0,0,0,0,0,0,0,0,0,0,0,0,0,0,0,0,0,0,0,0,0,0,0,0,0,0,0,0,0,0,0,0,0,0,0,0,0,0,0,0,0,0,0,0,0,0,0,0,0,0,0,0,0,0,0,0,0,0,0,0,0,0,0,0,0,0,0,0,0,0,0,0,0,0,0,0,0,0,0,0,0,0,0
9,5,6,23,7,12,18,13,24,24,0,32,31,0,23,24,5,6,13,16,13,24,1,24,0,25,18,8,0,22,9,5,15,24,13,26,13,24,1,24,0,0,0,0,0,0,0,0,0,0,0,0,0,0,0,0,0,0,0,0,0,0,0,0,0,0,0,0,0,0,0,0,0,0,0,0,0,0,0,0,0,0,0,0,0,0,0,0,0,0,0,0,0,0,0,0,0,0,0,0,0,0,0,0,0,0,0,0,0,0,0,0,0,0,0,0,0,0,0,0,0,0,0,0
9,23,9,7,24,13,19,18,0,32,31,0,23,24,5,6,13,16,13,24,1,24,0,25,18,8,0,22,9,5,15,24,13,26,13,24,1,24,0,0,0,0,0,0,0,0,0,0,0,0,0,0,0,0,0,0,0,0,0,0,0,0,0,0,0,0,0,0,0,0,0,0,0,0,0,0,0,0,0,0,0,0,0,0,0,0,0,0,0,0,0,0,0,0,0,0,0,0,0,0,0,0,0,0,0,0,0,0,0,0,0,0,0,0,0,0,0,0,0,0,0,0,0,0
9,23,9,7,24,13,19,18,0,32,31,0,23,24,5,6,13,16,13,24,1,24,0,25,18,8,0,22,9,5,15,24,13,26,13,24,1,24,0,0,0,0,0,0,0,0,0,0,0,0,0,0,0,0,0,0,0,0,0,0,0,0,0,0,0,0,0,0,0,0,0,0,0,0,0,0,0,0,0,0,0,0,0,0,0,0,0,0,0,0,0,0,0,0,0,0,0,0,0,0,0,0,0,0,0,0,0,0,0,0,0,0,0,0,0,0,0,0,0,0,0,0,0,0
9,23,9,7,24,13,19,18,0,32,31,0,23,24,5,6,13,16,13,24,1,24,0,25,18,8,0,22,9,5,15,24,13,26,13,24,1,24,0,0,0,0,0,0,0,0,0,0,0,0,0,0,0,0,0,0,0,0,0,0,0,0,0,0,0,0,0,0,0,0,0,0,0,0,0,0,0,0,0,0,0,0,0,0,0,0,0,0,0,0,0,0,0,0,0,0,0,0,0,0,0,0,0,0,0,0,0,0,0,0,0,0,0,0,0,0,0,0,0,0,0,0,0,0
10,24,19,28,13,15,19,16,19,11,13,23,7,12,9,0,5,18,11,5,6,9,18,0,0,0,0,0,0,0,0,0,0,0,0,0,0,0,0,0,0,0,0,0,0,0,0,0,0,0,0,0,0,0,0,0,0,0,0,0,0,0,0,0,0,0,0,0,0,0,0,0,0,0,0,0,0,0,0,0,0,0,0,0,0,0,0,0,0,0,0,0,0,0,0,0,0,0,0,0,0,0,0,0,0,0,0,0,0,0,0,0,0,0,0,0,0,0,0,0,0,0,0,0
10,5,6,23,7,12,18,13,24,24,0,32,32,0,24,19,28,13,15,19,16,19,11,13,23,7,12,9,0,5,18,11,5,6,9,18,0,0,0,0,0,0,0,0,0,0,0,0,0,0,0,0,0,0,0,0,0,0,0,0,0,0,0,0,0,0,0,0,0,0,0,0,0,0,0,0,0,0,0,0,0,0,0,0,0,0,0,0,0,0,0,0,0,0,0,0,0,0,0,0,0,0,0,0,0,0,0,0,0,0,0,0,0,0,0,0,0,0,0,0,0,0,0,0
10,23,9,7,24,13,19,18,0,32,32,0,24,19,28,13,15,19,16,19,11,13,23,7,12,9,0,5,18,11,5,6,9,18,0,0,0,0,0,0,0,0,0,0,0,0,0,0,0,0,0,0,0,0,0,0,0,0,0,0,0,0,0,0,0,0,0,0,0,0,0,0,0,0,0,0,0,0,0,0,0,0,0,0,0,0,0,0,0,0,0,0,0,0,0,0,0,0,0,0,0,0,0,0,0,0,0,0,0,0,0,0,0,0,0,0,0,0,0,0,0,0,0,0
10,23,9,7,24,13,19,18,0,32,32,0,24,19,28,13,15,19,16,19,11,13,23,7,12,9,0,5,18,11,5,6,9,18,0,0,0,0,0,0,0,0,0,0,0,0,0,0,0,0,0,0,0,0,0,0,0,0,0,0,0,0,0,0,0,0,0,0,0,0,0,0,0,0,0,0,0,0,0,0,0,0,0,0,0,0,0,0,0,0,0,0,0,0,0,0,0,0,0,0,0,0,0,0,0,0,0,0,0,0,0,0,0,0,0,0,0,0,0,0,0,0,0,0
10,23,9,7,24,13,19,18,0,32,32,0,24,19,28,13,15,19,16,19,11,13,23,7,12,9,0,5,18,11,5,6,9,18,0,0,0,0,0,0,0,0,0,0,0,0,0,0,0,0,0,0,0,0,0,0,0,0,0,0,0,0,0,0,0,0,0,0,0,0,0,0,0,0,0,0,0,0,0,0,0,0,0,0,0,0,0,0,0,0,0,0,0,0,0,0,0,0,0,0,0,0,0,0,0,0,0,0,0,0,0,0,0,0,0,0,0,0,0,0,0,0,0,0
10,5,18,11,5,6,9,18,0,30,25,22,0,24,19,28,13,15,19,16,19,11,13,9,0,0,0,0,0,0,0,0,0,0,0,0,0,0,0,0,0,0,0,0,0,0,0,0,0,0,0,0,0,0,0,0,0,0,0,0,0,0,0,0,0,0,0,0,0,0,0,0,0,0,0,0,0,0,0,0,0,0,0,0,0,0,0,0,0,0,0,0,0,0,0,0,0,0,0,0,0,0,0,0,0,0,0,0,0,0,0,0,0,0,0,0,0,0,0,0,0,0,0,0
10,5,6,23,7,12,18,13,24,24,0,32,32,0,5,18,11,5,6,9,18,0,30,25,22,0,24,19,28,13,15,19,16,19,11,13,9,0,0,0,0,0,0,0,0,0,0,0,0,0,0,0,0,0,0,0,0,0,0,0,0,0,0,0,0,0,0,0,0,0,0,0,0,0,0,0,0,0,0,0,0,0,0,0,0,0,0,0,0,0,0,0,0,0,0,0,0,0,0,0,0,0,0,0,0,0,0,0,0,0,0,0,0,0,0,0,0,0,0,0,0,0,0,0
10,23,9,7,24,13,19,18,0,32,32,0,5,18,11,5,6,9,18,0,30,25,22,0,24,19,28,13,15,19,16,19,11,13,9,0,0,0,0,0,0,0,0,0,0,0,0,0,0,0,0,0,0,0,0,0,0,0,0,0,0,0,0,0,0,0,0,0,0,0,0,0,0,0,0,0,0,0,0,0,0,0,0,0,0,0,0,0,0,0,0,0,0,0,0,0,0,0,0,0,0,0,0,0,0,0,0,0,0,0,0,0,0,0,0,0,0,0,0,0,0,0,0,0
10,23,9,7,24,13,19,18,0,32,32,0,5,18,11,5,6,9,18,0,30,25,22,0,24,19,28,13,15,19,16,19,11,13,9,0,0,0,0,0,0,0,0,0,0,0,0,0,0,0,0,0,0,0,0,0,0,0,0,0,0,0,0,0,0,0,0,0,0,0,0,0,0,0,0,0,0,0,0,0,0,0,0,0,0,0,0,0,0,0,0,0,0,0,0,0,0,0,0,0,0,0,0,0,0,0,0,0,0,0,0,0,0,0,0,0,0,0,0,0,0,0,0,0
10,23,9,7,24,13,19,18,0,32,32,0,5,18,11,5,6,9,18,0,30,25,22,0,24,19,28,13,15,19,16,19,11,13,9,0,0,0,0,0,0,0,0,0,0,0,0,0,0,0,0,0,0,0,0,0,0,0,0,0,0,0,0,0,0,0,0,0,0,0,0,0,0,0,0,0,0,0,0,0,0,0,0,0,0,0,0,0,0,0,0,0,0,0,0,0,0,0,0,0,0,0,0,0,0,0,0,0,0,0,0,0,0,0,0,0,0,0,0,0,0,0,0,0
11,25,17,27,9,16,24,6,9,30,19,11,9,18,9,0,5,18,11,5,6,9,18,0,0,0,0,0,0,0,0,0,0,0,0,0,0,0,0,0,0,0,0,0,0,0,0,0,0,0,0,0,0,0,0,0,0,0,0,0,0,0,0,0,0,0,0,0,0,0,0,0,0,0,0,0,0,0,0,0,0,0,0,0,0,0,0,0,0,0,0,0,0,0,0,0,0,0,0,0,0,0,0,0,0,0,0,0,0,0,0,0,0,0,0,0,0,0,0,0,0,0,0,0
11,5,6,23,7,12,18,13,24,24,0,32,33,0,25,17,27,9,16,24,6,9,30,19,11,9,18,9,0,5,18,11,5,6,9,18,0,0,0,0,0,0,0,0,0,0,0,0,0,0,0,0,0,0,0,0,0,0,0,0,0,0,0,0,0,0,0,0,0,0,0,0,0,0,0,0,0,0,0,0,0,0,0,0,0,0,0,0,0,0,0,0,0,0,0,0,0,0,0,0,0,0,0,0,0,0,0,0,0,0,0,0,0,0,0,0,0,0,0,0,0,0,0,0
11,23,9,7,24,13,19,18,0,32,33,0,25,17,27,9,16,24,6,9,30,19,11,9,18,9,0,5,18,11,5,6,9,18,0,0,0,0,0,0,0,0,0,0,0,0,0,0,0,0,0,0,0,0,0,0,0,0,0,0,0,0,0,0,0,0,0,0,0,0,0,0,0,0,0,0,0,0,0,0,0,0,0,0,0,0,0,0,0,0,0,0,0,0,0,0,0,0,0,0,0,0,0,0,0,0,0,0,0,0,0,0,0,0,0,0,0,0,0,0,0,0,0,0
11,23,9,7,24,13,19,18,0,32,33,0,25,17,27,9,16,24,6,9,30,19,11,9,18,9,0,5,18,11,5,6,9,18,0,0,0,0,0,0,0,0,0,0,0,0,0,0,0,0,0,0,0,0,0,0,0,0,0,0,0,0,0,0,0,0,0,0,0,0,0,0,0,0,0,0,0,0,0,0,0,0,0,0,0,0,0,0,0,0,0,0,0,0,0,0,0,0,0,0,0,0,0,0,0,0,0,0,0,0,0,0,0,0,0,0,0,0,0,0,0,0,0,0
11,23,9,7,24,13,19,18,0,32,33,0,25,17,27,9,16,24,6,9,30,19,11,9,18,9,0,5,18,11,5,6,9,18,0,0,0,0,0,0,0,0,0,0,0,0,0,0,0,0,0,0,0,0,0,0,0,0,0,0,0,0,0,0,0,0,0,0,0,0,0,0,0,0,0,0,0,0,0,0,0,0,0,0,0,0,0,0,0,0,0,0,0,0,0,0,0,0,0,0,0,0,0,0,0,0,0,0,0,0,0,0,0,0,0,0,0,0,0,0,0,0,0,0
12,12,13,18,27,9,13,23,9,0,30,25,22,0,9,18,24,23,19,22,11,25,18,11,0,0,0,0,0,0,0,0,0,0,0,0,0,0,0,0,0,0,0,0,0,0,0,0,0,0,0,0,0,0,0,0,0,0,0,0,0,0,0,0,0,0,0,0,0,0,0,0,0,0,0,0,0,0,0,0,0,0,0,0,0,0,0,0,0,0,0,0,0,0,0,0,0,0,0,0,0,0,0,0,0,0,0,0,0,0,0,0,0,0,0,0,0,0,0,0,0,0,0,0
12,5,6,23,7,12,18,13,24,24,0,32,34,0,12,13,18,27,9,13,23,9,0,30,25,22,0,9,18,24,23,19,22,11,25,18,11,0,0,0,0,0,0,0,0,0,0,0,0,0,0,0,0,0,0,0,0,0,0,0,0,0,0,0,0,0,0,0,0,0,0,0,0,0,0,0,0,0,0,0,0,0,0,0,0,0,0,0,0,0,0,0,0,0,0,0,0,0,0,0,0,0,0,0,0,0,0,0,0,0,0,0,0,0,0,0,0,0,0,0,0,0,0,0
12,23,9,7,24,13,19,18,0,32,34,0,12,13,18,27,9,13,23,9,0,30,25,22,0,9,18,24,23,19,22,11,25,18,11,0,0,0,0,0,0,0,0,0,0,0,0,0,0,0,0,0,0,0,0,0,0,0,0,0,0,0,0,0,0,0,0,0,0,0,0,0,0,0,0,0,0,0,0,0,0,0,0,0,0,0,0,0,0,0,0,0,0,0,0,0,0,0,0,0,0,0,0,0,0,0,0,0,0,0,0,0,0,0,0,0,0,0,0,0,0,0,0,0
12,23,9,7,24,13,19,18,0,32,34,0,12,13,18,27,9,13,23,9,0,30,25,22,0,9,18,24,23,19,22,11,25,18,11,0,0,0,0,0,0,0,0,0,0,0,0,0,0,0,0,0,0,0,0,0,0,0,0,0,0,0,0,0,0,0,0,0,0,0,0,0,0,0,0,0,0,0,0,0,0,0,0,0,0,0,0,0,0,0,0,0,0,0,0,0,0,0,0,0,0,0,0,0,0,0,0,0,0,0,0,0,0,0,0,0,0,0,0,0,0,0,0,0
12,23,9,7,24,13,19,18,0,32,34,0,12,13,18,27,9,13,23,9,0,30,25,22,0,9,18,24,23,19,22,11,25,18,11,0,0,0,0,0,0,0,0,0,0,0,0,0,0,0,0,0,0,0,0,0,0,0,0,0,0,0,0,0,0,0,0,0,0,0,0,0,0,0,0,0,0,0,0,0,0,0,0,0,0,0,0,0,0,0,0,0,0,0,0,0,0,0,0,0,0,0,0,0,0,0,0,0,0,0,0,0,0,0,0,0,0,0,0,0,0,0,0,0
13,5,18,11,5,6,9,18,0,30,25,17,0,24,22,5,18,23,20,19,22,24,0,0,0,0,0,0,0,0,0,0,0,0,0,0,0,0,0,0,0,0,0,0,0,0,0,0,0,0,0,0,0,0,0,0,0,0,0,0,0,0,0,0,0,0,0,0,0,0,0,0,0,0,0,0,0,0,0,0,0,0,0,0,0,0,0,0,0,0,0,0,0,0,0,0,0,0,0,0,0,0,0,0,0,0,0,0,0,0,0,0,0,0,0,0,0,0,0,0,0,0,0,0
13,5,6,23,7,12,18,13,24,24,0,32,35,0,5,18,11,5,6,9,18,0,30,25,17,0,24,22,5,18,23,20,19,22,24,0,0,0,0,0,0,0,0,0,0,0,0,0,0,0,0,0,0,0,0,0,0,0,0,0,0,0,0,0,0,0,0,0,0,0,0,0,0,0,0,0,0,0,0,0,0,0,0,0,0,0,0,0,0,0,0,0,0,0,0,0,0,0,0,0,0,0,0,0,0,0,0,0,0,0,0,0,0,0,0,0,0,0,0,0,0,0,0,0
13,23,9,7,24,13,19,18,0,32,35,0,5,18,11,5,6,9,18,0,30,25,17,0,24,22,5,18,23,20,19,22,24,0,0,0,0,0,0,0,0,0,0,0,0,0,0,0,0,0,0,0,0,0,0,0,0,0,0,0,0,0,0,0,0,0,0,0,0,0,0,0,0,0,0,0,0,0,0,0,0,0,0,0,0,0,0,0,0,0,0,0,0,0,0,0,0,0,0,0,0,0,0,0,0,0,0,0,0,0,0,0,0,0,0,0,0,0,0,0,0,0,0,0
13,23,9,7,24,13,19,18,0,32,35,0,5,18,11,5,6,9,18,0,30,25,17,0,24,22,5,18,23,20,19,22,24,0,0,0,0,0,0,0,0,0,0,0,0,0,0,0,0,0,0,0,0,0,0,0,0,0,0,0,0,0,0,0,0,0,0,0,0,0,0,0,0,0,0,0,0,0,0,0,0,0,0,0,0,0,0,0,0,0,0,0,0,0,0,0,0,0,0,0,0,0,0,0,0,0,0,0,0,0,0,0,0,0,0,0,0,0,0,0,0,0,0,0
13,23,9,7,24,13,19,18,0,32,35,0,5,18,11,5,6,9,18,0,30,25,17,0,24,22,5,18,23,20,19,22,24,0,0,0,0,0,0,0,0,0,0,0,0,0,0,0,0,0,0,0,0,0,0,0,0,0,0,0,0,0,0,0,0,0,0,0,0,0,0,0,0,0,0,0,0,0,0,0,0,0,0,0,0,0,0,0,0,0,0,0,0,0,0,0,0,0,0,0,0,0,0,0,0,0,0,0,0,0,0,0,0,0,0,0,0,0,0,0,0,0,0,0
14,22,9,7,12,24,23,26,19,22,23,7,12,22,13,10,24,9,18,0,0,0,0,0,0,0,0,0,0,0,0,0,0,0,0,0,0,0,0,0,0,0,0,0,0,0,0,0,0,0,0,0,0,0,0,0,0,0,0,0,0,0,0,0,0,0,0,0,0,0,0,0,0,0,0,0,0,0,0,0,0,0,0,0,0,0,0,0,0,0,0,0,0,0,0,0,0,0,0,0,0,0,0,0,0,0,0,0,0,0,0,0,0,0,0,0,0,0,0,0,0,0,0,0
14,5,6,23,7,12,18,13,24,24,0,32,36,0,22,9,7,12,24,23,26,19,22,23,7,12,22,13,10,24,9,18,0,0,0,0,0,0,0,0,0,0,0,0,0,0,0,0,0,0,0,0,0,0,0,0,0,0,0,0,0,0,0,0,0,0,0,0,0,0,0,0,0,0,0,0,0,0,0,0,0,0,0,0,0,0,0,0,0,0,0,0,0,0,0,0,0,0,0,0,0,0,0,0,0,0,0,0,0,0,0,0,0,0,0,0,0,0,0,0,0,0,0,0
14,23,9,7,24,13,19,18,0,32,36,0,22,9,7,12,24,23,26,19,22,23,7,12,22,13,10,24,9,18,0,0,0,0,0,0,0,0,0,0,0,0,0,0,0,0,0,0,0,0,0,0,0,0,0,0,0,0,0,0,0,0,0,0,0,0,0,0,0,0,0,0,0,0,0,0,0,0,0,0,0,0,0,0,0,0,0,0,0,0,0,0,0,0,0,0,0,0,0,0,0,0,0,0,0,0,0,0,0,0,0,0,0,0,0,0,0,0,0,0,0,0,0,0
14,23,9,7,24,13,19,18,0,32,36,0,22,9,7,12,24,23,26,19,22,23,7,12,22,13,10,24,9,18,0,0,0,0,0,0,0,0,0,0,0,0,0,0,0,0,0,0,0,0,0,0,0,0,0,0,0,0,0,0,0,0,0,0,0,0,0,0,0,0,0,0,0,0,0,0,0,0,0,0,0,0,0,0,0,0,0,0,0,0,0,0,0,0,0,0,0,0,0,0,0,0,0,0,0,0,0,0,0,0,0,0,0,0,0,0,0,0,0,0,0,0,0,0
14,23,9,7,24,13,19,18,0,32,36,0,22,9,7,12,24,23,26,19,22,23,7,12,22,13,10,24,9,18,0,0,0,0,0,0,0,0,0,0,0,0,0,0,0,0,0,0,0,0,0,0,0,0,0,0,0,0,0,0,0,0,0,0,0,0,0,0,0,0,0,0,0,0,0,0,0,0,0,0,0,0,0,0,0,0,0,0,0,0,0,0,0,0,0,0,0,0,0,0,0,0,0,0,0,0,0,0,0,0,0,0,0,0,0,0,0,0,0,0,0,0,0,0
15,23,19,18,23,24,13,11,9,0,5,18,11,5,6,9,18,0,0,0,0,0,0,0,0,0,0,0,0,0,0,0,0,0,0,0,0,0,0,0,0,0,0,0,0,0,0,0,0,0,0,0,0,0,0,0,0,0,0,0,0,0,0,0,0,0,0,0,0,0,0,0,0,0,0,0,0,0,0,0,0,0,0,0,0,0,0,0,0,0,0,0,0,0,0,0,0,0,0,0,0,0,0,0,0,0,0,0,0,0,0,0,0,0,0,0,0,0,0,0,0,0,0,0
15,5,6,23,7,12,18,13,24,24,0,32,37,0,23,19,18,23,24,13,11,9,0,5,18,11,5,6,9,18,0,0,0,0,0,0,0,0,0,0,0,0,0,0,0,0,0,0,0,0,0,0,0,0,0,0,0,0,0,0,0,0,0,0,0,0,0,0,0,0,0,0,0,0,0,0,0,0,0,0,0,0,0,0,0,0,0,0,0,0,0,0,0,0,0,0,0,0,0,0,0,0,0,0,0,0,0,0,0,0,0,0,0,0,0,0,0,0,0,0,0,0,0,0
15,23,9,7,24,13,19,18,0,32,37,0,23,19,18,23,24,13,11,9,0,5,18,11,5,6,9,18,0,0,0,0,0,0,0,0,0,0,0,0,0,0,0,0,0,0,0,0,0,0,0,0,0,0,0,0,0,0,0,0,0,0,0,0,0,0,0,0,0,0,0,0,0,0,0,0,0,0,0,0,0,0,0,0,0,0,0,0,0,0,0,0,0,0,0,0,0,0,0,0,0,0,0,0,0,0,0,0,0,0,0,0,0,0,0,0,0,0,0,0,0,0,0,0
15,23,9,7,24,13,19,18,0,32,37,0,23,19,18,23,24,13,11,9,0,5,18,11,5,6,9,18,0,0,0,0,0,0,0,0,0,0,0,0,0,0,0,0,0,0,0,0,0,0,0,0,0,0,0,0,0,0,0,0,0,0,0,0,0,0,0,0,0,0,0,0,0,0,0,0,0,0,0,0,0,0,0,0,0,0,0,0,0,0,0,0,0,0,0,0,0,0,0,0,0,0,0,0,0,0,0,0,0,0,0,0,0,0,0,0,0,0,0,0,0,0,0,0
15,23,9,7,24,13,19,18,0,32,37,0,23,19,18,23,24,13,11,9,0,5,18,11,5,6,9,18,0,0,0,0,0,0,0,0,0,0,0,0,0,0,0,0,0,0,0,0,0,0,0,0,0,0,0,0,0,0,0,0,0,0,0,0,0,0,0,0,0,0,0,0,0,0,0,0,0,0,0,0,0,0,0,0,0,0,0,0,0,0,0,0,0,0,0,0,0,0,0,0,0,0,0,0,0,0,0,0,0,0,0,0,0,0,0,0,0,0,0,0,0,0,0,0
16,20,22,19,8,25,15,24,13,8,9,18,24,13,10,13,15,5,24,19,22,0,0,0,0,0,0,0,0,0,0,0,0,0,0,0,0,0,0,0,0,0,0,0,0,0,0,0,0,0,0,0,0,0,0,0,0,0,0,0,0,0,0,0,0,0,0,0,0,0,0,0,0,0,0,0,0,0,0,0,0,0,0,0,0,0,0,0,0,0,0,0,0,0,0,0,0,0,0,0,0,0,0,0,0,0,0,0,0,0,0,0,0,0,0,0,0,0,0,0,0,0,0,0
16,32,0,32,0,20,22,19,8,25,15,24,13,8,9,18,24,13,10,13,15,5,24,19,22,0,0,0,0,0,0,0,0,0,0,0,0,0,0,0,0,0,0,0,0,0,0,0,0,0,0,0,0,0,0,0,0,0,0,0,0,0,0,0,0,0,0,0,0,0,0,0,0,0,0,0,0,0,0,0,0,0,0,0,0,0,0,0,0,0,0,0,0,0,0,0,0,0,0,0,0,0,0,0,0,0,0,0,0,0,0,0,0,0,0,0,0,0,0,0,0,0,0,0
16,32,0,32,0,20,22,19,8,25,15,24,13,8,9,18,24,13,10,13,15,5,24,19,22,0,0,0,0,0,0,0,0,0,0,0,0,0,0,0,0,0,0,0,0,0,0,0,0,0,0,0,0,0,0,0,0,0,0,0,0,0,0,0,0,0,0,0,0,0,0,0,0,0,0,0,0,0,0,0,0,0,0,0,0,0,0,0,0,0,0,0,0,0,0,0,0,0,0,0,0,0,0,0,0,0,0,0,0,0,0,0,0,0,0,0,0,0,0,0,0,0,0,0
16,12,5,18,8,9,16,23,18,5,17,9,0,0,0,0,0,0,0,0,0,0,0,0,0,0,0,0,0,0,0,0,0,0,0,0,0,0,0,0,0,0,0,0,0,0,0,0,0,0,0,0,0,0,0,0,0,0,0,0,0,0,0,0,0,0,0,0,0,0,0,0,0,0,0,0,0,0,0,0,0,0,0,0,0,0,0,0,0,0,0,0,0,0,0,0,0,0,0,0,0,0,0,0,0,0,0,0,0,0,0,0,0,0,0,0,0,0,0,0,0,0,0,0
16,32,0,32,0,12,5,18,8,9,16,23,18,5,17,9,0,0,0,0,0,0,0,0,0,0,0,0,0,0,0,0,0,0,0,0,0,0,0,0,0,0,0,0,0,0,0,0,0,0,0,0,0,0,0,0,0,0,0,0,0,0,0,0,0,0,0,0,0,0,0,0,0,0,0,0,0,0,0,0,0,0,0,0,0,0,0,0,0,0,0,0,0,0,0,0,0,0,0,0,0,0,0,0,0,0,0,0,0,0,0,0,0,0,0,0,0,0,0,0,0,0,0,0
16,32,0,32,0,12,5,18,8,9,16,23,18,5,17,9,0,0,0,0,0,0,0,0,0,0,0,0,0,0,0,0,0,0,0,0,0,0,0,0,0,0,0,0,0,0,0,0,0,0,0,0,0,0,0,0,0,0,0,0,0,0,0,0,0,0,0,0,0,0,0,0,0,0,0,0,0,0,0,0,0,0,0,0,0,0,0,0,0,0,0,0,0,0,0,0,0,0,0,0,0,0,0,0,0,0,0,0,0,0,0,0,0,0,0,0,0,0,0,0,0,0,0,0
17,22,9,16,9,26,5,18,24,9,0,13,8,9,18,24,13,10,13,30,13,9,22,24,9,0,26,9,22,27,9,18,8,25,18,11,0,8,9,23,0,23,24,19,10,10,9,23,0,19,8,9,22,0,11,9,17,13,23,7,12,9,23,0,25,18,8,0,26,9,22,27,9,18,8,25,18,11,0,26,19,18,0,8,9,18,9,18,0,5,6,11,9,22,5,24,9,18,0,27,13,22,8,0,0,0,0,0,0,0,0,0,0,0,0,0,0,0,0,0,0,0,0,0
17,32,0,33,0,22,9,16,9,26,5,18,24,9,0,13,8,9,18,24,13,10,13,30,13,9,22,24,9,0,26,9,22,27,9,18,8,25,18,11,0,8,9,23,0,23,24,19,10,10,9,23,0,19,8,9,22,0,11,9,17,13,23,7,12,9,23,0,25,18,8,0,26,9,22,27,9,18,8,25,18,11,0,26,19,18,0,8,9,18,9,18,0,5,6,11,9,22,5,24,9,18,0,27,13,22,8,0,0,0,0,0,0,0,0,0,0,0,0,0,0,0,0,0
17,32,0,33,0,22,9,16,9,26,5,18,24,9,0,13,8,9,18,24,13,10,13,30,13,9,22,24,9,0,26,9,22,27,9,18,8,25,18,11,0,8,9,23,0,23,24,19,10,10,9,23,0,19,8,9,22,0,11,9,17,13,23,7,12,9,23,0,25,18,8,0,26,9,22,27,9,18,8,25,18,11,0,26,19,18,0,8,9,18,9,18,0,5,6,11,9,22,5,24,9,18,0,27,13,22,8,0,0,0,0,0,0,0,0,0,0,0,0,0,0,0,0,0
17,22,9,16,9,26,5,18,24,9,0,13,8,9,18,24,13,10,13,30,13,9,22,24,9,0,26,9,22,27,9,18,0,8,25,18,11,9,18,0,8,9,23,0,23,24,19,10,10,9,23,0,19,8,9,22,0,11,9,17,13,23,7,12,9,23,0,25,18,8,0,26,9,22,27,9,18,8,25,18,11,9,18,0,26,19,18,0,8,9,18,9,18,0,5,6,11,9,0,22,5,24,9,18,0,27,13,22,8,0,0,0,0,0,0,0,0,0,0,0,0,0,0,0
17,32,0,33,0,22,9,16,9,26,5,18,24,9,0,13,8,9,18,24,13,10,13,30,13,9,22,24,9,0,26,9,22,27,9,18,0,8,25,18,11,9,18,0,8,9,23,0,23,24,19,10,10,9,23,0,19,8,9,22,0,11,9,17,13,23,7,12,9,23,0,25,18,8,0,26,9,22,27,9,18,8,25,18,11,9,18,0,26,19,18,0,8,9,18,9,18,0,5,6,11,9,0,22,5,24,9,18,0,27,13,22,8,0,0,0,0,0,0,0,0,0,0,0
17,32,0,33,0,22,9,16,9,26,5,18,24,9,0,13,8,9,18,24,13,10,13,30,13,9,22,24,9,0,26,9,22,27,9,18,0,8,25,18,11,9,18,0,8,9,23,0,23,24,19,10,10,9,23,0,19,8,9,22,0,11,9,17,13,23,7,12,9,23,0,25,18,8,0,26,9,22,27,9,18,8,25,18,11,9,18,0,26,19,18,0,8,9,18,9,18,0,5,6,11,9,0,22,5,24,9,18,0,27,13,22,8,0,0,0,0,0,0,0,0,0,0,0
18,9,13,18,30,9,16,12,9,13,24,9,18,0,30,25,17,0,16,13,9,10,9,22,5,18,24,9,18,0,8,9,22,0,8,5,23,0,23,13,7,12,9,22,12,9,13,24,23,8,5,24,9,18,6,16,5,24,24,0,6,9,22,9,13,24,23,24,9,16,16,24,0,0,0,0,0,0,0,0,0,0,0,0,0,0,0,0,0,0,0,0,0,0,0,0,0,0,0,0,0,0,0,0,0,0,0,0,0,0,0,0,0,0,0,0,0,0,0,0,0,0,0,0
18,32,0,34,0,9,13,18,30,9,16,12,9,13,24,9,18,0,30,25,17,0,16,13,9,10,9,22,5,18,24,9,18,0,8,9,22,0,8,5,23,0,23,13,7,12,9,22,12,9,13,24,23,8,5,24,9,18,6,16,5,24,24,0,6,9,22,9,13,24,23,24,9,16,16,24,0,0,0,0,0,0,0,0,0,0,0,0,0,0,0,0,0,0,0,0,0,0,0,0,0,0,0,0,0,0,0,0,0,0,0,0,0,0,0,0,0,0,0,0,0,0,0,0
18,32,0,34,0,9,13,18,30,9,16,12,9,13,24,9,18,0,30,25,17,0,16,13,9,10,9,22,5,18,24,9,18,0,8,9,22,0,8,5,23,0,23,13,7,12,9,22,12,9,13,24,23,8,5,24,9,18,6,16,5,24,24,0,6,9,22,9,13,24,23,24,9,16,16,24,0,0,0,0,0,0,0,0,0,0,0,0,0,0,0,0,0,0,0,0,0,0,0,0,0,0,0,0,0,0,0,0,0,0,0,0,0,0,0,0,0,0,0,0,0,0,0,0
18,9,13,18,30,9,16,12,9,13,24,9,18,0,30,25,17,0,16,13,9,10,9,22,5,18,24,9,18,0,8,9,22,0,8,5,23,0,23,13,7,12,9,22,12,9,13,24,23,8,5,24,9,18,6,16,5,24,24,0,6,9,22,9,13,24,0,23,24,9,16,16,24,0,0,0,0,0,0,0,0,0,0,0,0,0,0,0,0,0,0,0,0,0,0,0,0,0,0,0,0,0,0,0,0,0,0,0,0,0,0,0,0,0,0,0,0,0,0,0,0,0,0,0
18,32,0,34,0,9,13,18,30,9,16,12,9,13,24,9,18,0,30,25,17,0,16,13,9,10,9,22,5,18,24,9,18,0,8,9,22,0,8,5,23,0,23,13,7,12,9,22,12,9,13,24,23,8,5,24,9,18,6,16,5,24,24,0,6,9,22,9,13,24,0,23,24,9,16,16,24,0,0,0,0,0,0,0,0,0,0,0,0,0,0,0,0,0,0,0,0,0,0,0,0,0,0,0,0,0,0,0,0,0,0,0,0,0,0,0,0,0,0,0,0,0,0,0
18,32,0,34,0,9,13,18,30,9,16,12,9,13,24,9,18,0,30,25,17,0,16,13,9,10,9,22,5,18,24,9,18,0,8,9,22,0,8,5,23,0,23,13,7,12,9,22,12,9,13,24,23,8,5,24,9,18,6,16,5,24,24,0,6,9,22,9,13,24,0,23,24,9,16,16,24,0,0,0,0,0,0,0,0,0,0,0,0,0,0,0,0,0,0,0,0,0,0,0,0,0,0,0,0,0,0,0,0,0,0,0,0,0,0,0,0,0,0,0,0,0,0,0
18,12,9,22,23,24,9,16,16,9,22,0,16,13,9,10,9,22,5,18,24,0,0,0,0,0,0,0,0,0,0,0,0,0,0,0,0,0,0,0,0,0,0,0,0,0,0,0,0,0,0,0,0,0,0,0,0,0,0,0,0,0,0,0,0,0,0,0,0,0,0,0,0,0,0,0,0,0,0,0,0,0,0,0,0,0,0,0,0,0,0,0,0,0,0,0,0,0,0,0,0,0,0,0,0,0,0,0,0,0,0,0,0,0,0,0,0,0,0,0,0,0,0,0
18,32,0,34,0,12,9,22,23,24,9,16,16,9,22,0,16,13,9,10,9,22,5,18,24,0,0,0,0,0,0,0,0,0,0,0,0,0,0,0,0,0,0,0,0,0,0,0,0,0,0,0,0,0,0,0,0,0,0,0,0,0,0,0,0,0,0,0,0,0,0,0,0,0,0,0,0,0,0,0,0,0,0,0,0,0,0,0,0,0,0,0,0,0,0,0,0,0,0,0,0,0,0,0,0,0,0,0,0,0,0,0,0,0,0,0,0,0,0,0,0,0,0,0
18,32,0,34,0,12,9,22,23,24,9,16,16,9,22,0,16,13,9,10,9,22,5,18,24,0,0,0,0,0,0,0,0,0,0,0,0,0,0,0,0,0,0,0,0,0,0,0,0,0,0,0,0,0,0,0,0,0,0,0,0,0,0,0,0,0,0,0,0,0,0,0,0,0,0,0,0,0,0,0,0,0,0,0,0,0,0,0,0,0,0,0,0,0,0,0,0,0,0,0,0,0,0,0,0,0,0,0,0,0,0,0,0,0,0,0,0,0,0,0,0,0,0,0
18,16,13,9,10,9,22,5,18,24,0,12,9,22,23,24,9,16,16,9,22,0,13,17,20,19,22,24,9,25,22,0,18,5,7,12,11,9,23,7,12,5,16,24,9,24,9,22,0,5,18,27,9,18,8,9,22,0,12,1,18,8,16,9,22,0,0,0,0,0,0,0,0,0,0,0,0,0,0,0,0,0,0,0,0,0,0,0,0,0,0,0,0,0,0,0,0,0,0,0,0,0,0,0,0,0,0,0,0,0,0,0,0,0,0,0,0,0,0,0,0,0,0,0
18,32,0,34,0,16,13,9,10,9,22,5,18,24,0,12,9,22,23,24,9,16,16,9,22,0,13,17,20,19,22,24,9,25,22,0,18,5,7,12,11,9,23,7,12,5,16,24,9,24,9,22,0,5,18,27,9,18,8,9,22,0,12,1,18,8,16,9,22,0,0,0,0,0,0,0,0,0,0,0,0,0,0,0,0,0,0,0,0,0,0,0,0,0,0,0,0,0,0,0,0,0,0,0,0,0,0,0,0,0,0,0,0,0,0,0,0,0,0,0,0,0,0,0
18,32,0,34,0,16,13,9,10,9,22,5,18,24,0,12,9,22,23,24,9,16,16,9,22,0,13,17,20,19,22,24,9,25,22,0,18,5,7,12,11,9,23,7,12,5,16,24,9,24,9,22,0,5,18,27,9,18,8,9,22,0,12,1,18,8,16,9,22,0,0,0,0,0,0,0,0,0,0,0,0,0,0,0,0,0,0,0,0,0,0,0,0,0,0,0,0,0,0,0,0,0,0,0,0,0,0,0,0,0,0,0,0,0,0,0,0,0,0,0,0,0,0,0
18,18,5,24,13,19,18,5,16,9,22,0,15,19,18,24,5,15,24,0,0,0,0,0,0,0,0,0,0,0,0,0,0,0,0,0,0,0,0,0,0,0,0,0,0,0,0,0,0,0,0,0,0,0,0,0,0,0,0,0,0,0,0,0,0,0,0,0,0,0,0,0,0,0,0,0,0,0,0,0,0,0,0,0,0,0,0,0,0,0,0,0,0,0,0,0,0,0,0,0,0,0,0,0,0,0,0,0,0,0,0,0,0,0,0,0,0,0,0,0,0,0,0,0
18,32,0,34,0,18,5,24,13,19,18,5,16,9,22,0,15,19,18,24,5,15,24,0,0,0,0,0,0,0,0,0,0,0,0,0,0,0,0,0,0,0,0,0,0,0,0,0,0,0,0,0,0,0,0,0,0,0,0,0,0,0,0,0,0,0,0,0,0,0,0,0,0,0,0,0,0,0,0,0,0,0,0,0,0,0,0,0,0,0,0,0,0,0,0,0,0,0,0,0,0,0,0,0,0,0,0,0,0,0,0,0,0,0,0,0,0,0,0,0,0,0,0,0
18,32,0,34,0,18,5,24,13,19,18,5,16,9,22,0,15,19,18,24,5,15,24,0,0,0,0,0,0,0,0,0,0,0,0,0,0,0,0,0,0,0,0,0,0,0,0,0,0,0,0,0,0,0,0,0,0,0,0,0,0,0,0,0,0,0,0,0,0,0,0,0,0,0,0,0,0,0,0,0,0,0,0,0,0,0,0,0,0,0,0,0,0,0,0,0,0,0,0,0,0,0,0,0,0,0,0,0,0,0,0,0,0,0,0,0,0,0,0,0,0,0,0,0
19,18,19,24,22,25,10,18,25,17,17,9,22,0,0,0,0,0,0,0,0,0,0,0,0,0,0,0,0,0,0,0,0,0,0,0,0,0,0,0,0,0,0,0,0,0,0,0,0,0,0,0,0,0,0,0,0,0,0,0,0,0,0,0,0,0,0,0,0,0,0,0,0,0,0,0,0,0,0,0,0,0,0,0,0,0,0,0,0,0,0,0,0,0,0,0,0,0,0,0,0,0,0,0,0,0,0,0,0,0,0,0,0,0,0,0,0,0,0,0,0,0,0,0
19,32,0,35,0,18,19,24,22,25,10,18,25,17,17,9,22,0,0,0,0,0,0,0,0,0,0,0,0,0,0,0,0,0,0,0,0,0,0,0,0,0,0,0,0,0,0,0,0,0,0,0,0,0,0,0,0,0,0,0,0,0,0,0,0,0,0,0,0,0,0,0,0,0,0,0,0,0,0,0,0,0,0,0,0,0,0,0,0,0,0,0,0,0,0,0,0,0,0,0,0,0,0,0,0,0,0,0,0,0,0,0,0,0,0,0,0,0,0,0,0,0,0,0
19,32,0,35,0,18,19,24,22,25,10,18,25,17,17,9,22,0,0,0,0,0,0,0,0,0,0,0,0,0,0,0,0,0,0,0,0,0,0,0,0,0,0,0,0,0,0,0,0,0,0,0,0,0,0,0,0,0,0,0,0,0,0,0,0,0,0,0,0,0,0,0,0,0,0,0,0,0,0,0,0,0,0,0,0,0,0,0,0,0,0,0,0,0,0,0,0,0,0,0,0,0,0,0,0,0,0,0,0,0,0,0,0,0,0,0,0,0,0,0,0,0,0,0
19,18,19,24,10,5,16,16,5,25,23,15,25,18,10,24,0,0,0,0,0,0,0,0,0,0,0,0,0,0,0,0,0,0,0,0,0,0,0,0,0,0,0,0,0,0,0,0,0,0,0,0,0,0,0,0,0,0,0,0,0,0,0,0,0,0,0,0,0,0,0,0,0,0,0,0,0,0,0,0,0,0,0,0,0,0,0,0,0,0,0,0,0,0,0,0,0,0,0,0,0,0,0,0,0,0,0,0,0,0,0,0,0,0,0,0,0,0,0,0,0,0,0,0
19,32,0,35,0,18,19,24,10,5,16,16,5,25,23,15,25,18,10,24,0,0,0,0,0,0,0,0,0,0,0,0,0,0,0,0,0,0,0,0,0,0,0,0,0,0,0,0,0,0,0,0,0,0,0,0,0,0,0,0,0,0,0,0,0,0,0,0,0,0,0,0,0,0,0,0,0,0,0,0,0,0,0,0,0,0,0,0,0,0,0,0,0,0,0,0,0,0,0,0,0,0,0,0,0,0,0,0,0,0,0,0,0,0,0,0,0,0,0,0,0,0,0,0
19,32,0,35,0,18,19,24,10,5,16,16,5,25,23,15,25,18,10,24,0,0,0,0,0,0,0,0,0,0,0,0,0,0,0,0,0,0,0,0,0,0,0,0,0,0,0,0,0,0,0,0,0,0,0,0,0,0,0,0,0,0,0,0,0,0,0,0,0,0,0,0,0,0,0,0,0,0,0,0,0,0,0,0,0,0,0,0,0,0,0,0,0,0,0,0,0,0,0,0,0,0,0,0,0,0,0,0,0,0,0,0,0,0,0,0,0,0,0,0,0,0,0,0
20,9,13,18,23,24,25,10,25,18,11,0,8,9,23,0,23,24,19,10,10,9,23,0,19,8,9,22,0,11,9,17,13,23,7,12,9,23,0,0,0,0,0,0,0,0,0,0,0,0,0,0,0,0,0,0,0,0,0,0,0,0,0,0,0,0,0,0,0,0,0,0,0,0,0,0,0,0,0,0,0,0,0,0,0,0,0,0,0,0,0,0,0,0,0,0,0,0,0,0,0,0,0,0,0,0,0,0,0,0,0,0,0,0,0,0,0,0,0,0,0,0,0,0
20,33,0,32,0,9,13,18,23,24,25,10,25,18,11,0,8,9,23,0,23,24,19,10,10,9,23,0,19,8,9,22,0,11,9,17,13,23,7,12,9,23,0,0,0,0,0,0,0,0,0,0,0,0,0,0,0,0,0,0,0,0,0,0,0,0,0,0,0,0,0,0,0,0,0,0,0,0,0,0,0,0,0,0,0,0,0,0,0,0,0,0,0,0,0,0,0,0,0,0,0,0,0,0,0,0,0,0,0,0,0,0,0,0,0,0,0,0,0,0,0,0,0,0
20,33,0,32,0,9,13,18,23,24,25,10,25,18,11,0,8,9,23,0,23,24,19,10,10,9,23,0,19,8,9,22,0,11,9,17,13,23,7,12,9,23,0,0,0,0,0,0,0,0,0,0,0,0,0,0,0,0,0,0,0,0,0,0,0,0,0,0,0,0,0,0,0,0,0,0,0,0,0,0,0,0,0,0,0,0,0,0,0,0,0,0,0,0,0,0,0,0,0,0,0,0,0,0,0,0,0,0,0,0,0,0,0,0,0,0,0,0,0,0,0,0,0,0
20,9,13,18,23,24,25,10,25,18,11,0,8,9,23,0,23,24,19,10,10,23,0,19,8,9,22,0,11,9,17,13,23,7,12,23,0,0,0,0,0,0,0,0,0,0,0,0,0,0,0,0,0,0,0,0,0,0,0,0,0,0,0,0,0,0,0,0,0,0,0,0,0,0,0,0,0,0,0,0,0,0,0,0,0,0,0,0,0,0,0,0,0,0,0,0,0,0,0,0,0,0,0,0,0,0,0,0,0,0,0,0,0,0,0,0,0,0,0,0,0,0,0,0
20,33,0,32,0,9,13,18,23,24,25,10,25,18,11,0,8,9,23,0,23,24,19,10,10,23,0,19,8,9,22,0,11,9,17,13,23,7,12,23,0,0,0,0,0,0,0,0,0,0,0,0,0,0,0,0,0,0,0,0,0,0,0,0,0,0,0,0,0,0,0,0,0,0,0,0,0,0,0,0,0,0,0,0,0,0,0,0,0,0,0,0,0,0,0,0,0,0,0,0,0,0,0,0,0,0,0,0,0,0,0,0,0,0,0,0,0,0,0,0,0,0,0,0
20,33,0,32,0,9,13,18,23,24,25,10,25,18,11,0,8,9,23,0,23,24,19,10,10,23,0,19,8,9,22,0,11,9,17,13,23,7,12,23,0,0,0,0,0,0,0,0,0,0,0,0,0,0,0,0,0,0,0,0,0,0,0,0,0,0,0,0,0,0,0,0,0,0,0,0,0,0,0,0,0,0,0,0,0,0,0,0,0,0,0,0,0,0,0,0,0,0,0,0,0,0,0,0,0,0,0,0,0,0,0,0,0,0,0,0,0,0,0,0,0,0,0,0
21,15,9,18,18,30,9,13,7,12,18,25,18,11,23,9,16,9,17,9,18,24,9,0,0,0,0,0,0,0,0,0,0,0,0,0,0,0,0,0,0,0,0,0,0,0,0,0,0,0,0,0,0,0,0,0,0,0,0,0,0,0,0,0,0,0,0,0,0,0,0,0,0,0,0,0,0,0,0,0,0,0,0,0,0,0,0,0,0,0,0,0,0,0,0,0,0,0,0,0,0,0,0,0,0,0,0,0,0,0,0,0,0,0,0,0,0,0,0,0,0,0,0,0
21,33,0,33,0,15,9,18,18,30,9,13,7,12,18,25,18,11,23,9,16,9,17,9,18,24,9,0,0,0,0,0,0,0,0,0,0,0,0,0,0,0,0,0,0,0,0,0,0,0,0,0,0,0,0,0,0,0,0,0,0,0,0,0,0,0,0,0,0,0,0,0,0,0,0,0,0,0,0,0,0,0,0,0,0,0,0,0,0,0,0,0,0,0,0,0,0,0,0,0,0,0,0,0,0,0,0,0,0,0,0,0,0,0,0,0,0,0,0,0,0,0,0,0
21,33,0,33,0,15,9,18,18,30,9,13,7,12,18,25,18,11,23,9,16,9,17,9,18,24,9,0,0,0,0,0,0,0,0,0,0,0,0,0,0,0,0,0,0,0,0,0,0,0,0,0,0,0,0,0,0,0,0,0,0,0,0,0,0,0,0,0,0,0,0,0,0,0,0,0,0,0,0,0,0,0,0,0,0,0,0,0,0,0,0,0,0,0,0,0,0,0,0,0,0,0,0,0,0,0,0,0,0,0,0,0,0,0,0,0,0,0,0,0,0,0,0,0
21,15,9,18,18,30,9,13,7,12,18,25,18,11,23,9,16,9,17,9,18,24,9,0,18,5,7,12,0,26,9,22,19,22,8,18,25,18,11,0,9,11,0,18,22,0,32,33,38,33,0,33,31,31,39,0,0,0,0,0,0,0,0,0,0,0,0,0,0,0,0,0,0,0,0,0,0,0,0,0,0,0,0,0,0,0,0,0,0,0,0,0,0,0,0,0,0,0,0,0,0,0,0,0,0,0,0,0,0,0,0,0,0,0,0,0,0,0,0,0,0,0,0,0
21,33,0,33,0,15,9,18,18,30,9,13,7,12,18,25,18,11,23,9,16,9,17,9,18,24,9,0,18,5,7,12,0,26,9,22,19,22,8,18,25,18,11,0,9,11,0,18,22,0,32,33,38,33,0,33,31,31,39,0,0,0,0,0,0,0,0,0,0,0,0,0,0,0,0,0,0,0,0,0,0,0,0,0,0,0,0,0,0,0,0,0,0,0,0,0,0,0,0,0,0,0,0,0,0,0,0,0,0,0,0,0,0,0,0,0,0,0,0,0,0,0,0,0
21,33,0,33,0,15,9,18,18,30,9,13,7,12,18,25,18,11,23,9,16,9,17,9,18,24,9,0,18,5,7,12,0,26,9,22,19,22,8,18,25,18,11,0,9,11,0,18,22,0,32,33,38,33,0,33,31,31,39,0,0,0,0,0,0,0,0,0,0,0,0,0,0,0,0,0,0,0,0,0,0,0,0,0,0,0,0,0,0,0,0,0,0,0,0,0,0,0,0,0,0,0,0,0,0,0,0,0,0,0,0,0,0,0,0,0,0,0,0,0,0,0,0,0
22,23,19,18,23,24,13,11,9,0,11,9,10,5,12,22,9,18,0,0,0,0,0,0,0,0,0,0,0,0,0,0,0,0,0,0,0,0,0,0,0,0,0,0,0,0,0,0,0,0,0,0,0,0,0,0,0,0,0,0,0,0,0,0,0,0,0,0,0,0,0,0,0,0,0,0,0,0,0,0,0,0,0,0,0,0,0,0,0,0,0,0,0,0,0,0,0,0,0,0,0,0,0,0,0,0,0,0,0,0,0,0,0,0,0,0,0,0,0,0,0,0,0,0
22,33,0,34,0,23,19,18,23,24,13,11,9,0,11,9,10,5,12,22,9,18,0,0,0,0,0,0,0,0,0,0,0,0,0,0,0,0,0,0,0,0,0,0,0,0,0,0,0,0,0,0,0,0,0,0,0,0,0,0,0,0,0,0,0,0,0,0,0,0,0,0,0,0,0,0,0,0,0,0,0,0,0,0,0,0,0,0,0,0,0,0,0,0,0,0,0,0,0,0,0,0,0,0,0,0,0,0,0,0,0,0,0,0,0,0,0,0,0,0,0,0,0,0
22,33,0,34,0,23,19,18,23,24,13,11,9,0,11,9,10,5,12,22,9,18,0,0,0,0,0,0,0,0,0,0,0,0,0,0,0,0,0,0,0,0,0,0,0,0,0,0,0,0,0,0,0,0,0,0,0,0,0,0,0,0,0,0,0,0,0,0,0,0,0,0,0,0,0,0,0,0,0,0,0,0,0,0,0,0,0,0,0,0,0,0,0,0,0,0,0,0,0,0,0,0,0,0,0,0,0,0,0,0,0,0,0,0,0,0,0,0,0,0,0,0,0,0
23,23,24,19,10,10,9,0,0,0,0,0,0,0,0,0,0,0,0,0,0,0,0,0,0,0,0,0,0,0,0,0,0,0,0,0,0,0,0,0,0,0,0,0,0,0,0,0,0,0,0,0,0,0,0,0,0,0,0,0,0,0,0,0,0,0,0,0,0,0,0,0,0,0,0,0,0,0,0,0,0,0,0,0,0,0,0,0,0,0,0,0,0,0,0,0,0,0,0,0,0,0,0,0,0,0,0,0,0,0,0,0,0,0,0,0,0,0,0,0,0,0,0,0
23,34,0,32,0,23,24,19,10,10,9,0,0,0,0,0,0,0,0,0,0,0,0,0,0,0,0,0,0,0,0,0,0,0,0,0,0,0,0,0,0,0,0,0,0,0,0,0,0,0,0,0,0,0,0,0,0,0,0,0,0,0,0,0,0,0,0,0,0,0,0,0,0,0,0,0,0,0,0,0,0,0,0,0,0,0,0,0,0,0,0,0,0,0,0,0,0,0,0,0,0,0,0,0,0,0,0,0,0,0,0,0,0,0,0,0,0,0,0,0,0,0,0,0
23,34,0,32,0,23,24,19,10,10,9,0,0,0,0,0,0,0,0,0,0,0,0,0,0,0,0,0,0,0,0,0,0,0,0,0,0,0,0,0,0,0,0,0,0,0,0,0,0,0,0,0,0,0,0,0,0,0,0,0,0,0,0,0,0,0,0,0,0,0,0,0,0,0,0,0,0,0,0,0,0,0,0,0,0,0,0,0,0,0,0,0,0,0,0,0,0,0,0,0,0,0,0,0,0,0,0,0,0,0,0,0,0,0,0,0,0,0,0,0,0,0,0,0
24,11,9,17,13,23,7,12,9,0,0,0,0,0,0,0,0,0,0,0,0,0,0,0,0,0,0,0,0,0,0,0,0,0,0,0,0,0,0,0,0,0,0,0,0,0,0,0,0,0,0,0,0,0,0,0,0,0,0,0,0,0,0,0,0,0,0,0,0,0,0,0,0,0,0,0,0,0,0,0,0,0,0,0,0,0,0,0,0,0,0,0,0,0,0,0,0,0,0,0,0,0,0,0,0,0,0,0,0,0,0,0,0,0,0,0,0,0,0,0,0,0,0,0
24,34,0,33,0,11,9,17,13,23,7,12,9,0,0,0,0,0,0,0,0,0,0,0,0,0,0,0,0,0,0,0,0,0,0,0,0,0,0,0,0,0,0,0,0,0,0,0,0,0,0,0,0,0,0,0,0,0,0,0,0,0,0,0,0,0,0,0,0,0,0,0,0,0,0,0,0,0,0,0,0,0,0,0,0,0,0,0,0,0,0,0,0,0,0,0,0,0,0,0,0,0,0,0,0,0,0,0,0,0,0,0,0,0,0,0,0,0,0,0,0,0,0,0
24,34,0,33,0,11,9,17,13,23,7,12,9,0,0,0,0,0,0,0,0,0,0,0,0,0,0,0,0,0,0,0,0,0,0,0,0,0,0,0,0,0,0,0,0,0,0,0,0,0,0,0,0,0,0,0,0,0,0,0,0,0,0,0,0,0,0,0,0,0,0,0,0,0,0,0,0,0,0,0,0,0,0,0,0,0,0,0,0,0,0,0,0,0,0,0,0,0,0,0,0,0,0,0,0,0,0,0,0,0,0,0,0,0,0,0,0,0,0,0,0,0,0,0
24,7,12,9,17,13,23,7,12,9,0,7,12,5,22,5,15,24,9,22,13,23,13,9,22,25,18,11,0,11,9,17,13,23,7,12,9,0,0,0,0,0,0,0,0,0,0,0,0,0,0,0,0,0,0,0,0,0,0,0,0,0,0,0,0,0,0,0,0,0,0,0,0,0,0,0,0,0,0,0,0,0,0,0,0,0,0,0,0,0,0,0,0,0,0,0,0,0,0,0,0,0,0,0,0,0,0,0,0,0,0,0,0,0,0,0,0,0,0,0,0,0,0,0
24,34,0,33,0,7,12,9,17,13,23,7,12,9,0,7,12,5,22,5,15,24,9,22,13,23,13,9,22,25,18,11,0,11,9,17,13,23,7,12,9,0,0,0,0,0,0,0,0,0,0,0,0,0,0,0,0,0,0,0,0,0,0,0,0,0,0,0,0,0,0,0,0,0,0,0,0,0,0,0,0,0,0,0,0,0,0,0,0,0,0,0,0,0,0,0,0,0,0,0,0,0,0,0,0,0,0,0,0,0,0,0,0,0,0,0,0,0,0,0,0,0,0,0
24,34,0,33,0,7,12,9,17,13,23,7,12,9,0,7,12,5,22,5,15,24,9,22,13,23,13,9,22,25,18,11,0,11,9,17,13,23,7,12,9,0,0,0,0,0,0,0,0,0,0,0,0,0,0,0,0,0,0,0,0,0,0,0,0,0,0,0,0,0,0,0,0,0,0,0,0,0,0,0,0,0,0,0,0,0,0,0,0,0,0,0,0,0,0,0,0,0,0,0,0,0,0,0,0,0,0,0,0,0,0,0,0,0,0,0,0,0,0,0,0,0,0,0
25,6,9,23,7,12,22,9,13,6,25,18,11,0,8,9,22,0,9,22,23,24,9,0,12,13,16,10,9,0,17,5,4,18,5,12,17,9,0,0,0,0,0,0,0,0,0,0,0,0,0,0,0,0,0,0,0,0,0,0,0,0,0,0,0,0,0,0,0,0,0,0,0,0,0,0,0,0,0,0,0,0,0,0,0,0,0,0,0,0,0,0,0,0,0,0,0,0,0,0,0,0,0,0,0,0,0,0,0,0,0,0,0,0,0,0,0,0,0,0,0,0,0,0
25,35,0,32,0,6,9,23,7,12,22,9,13,6,25,18,11,0,8,9,22,0,9,22,23,24,9,0,12,13,16,10,9,0,17,5,4,18,5,12,17,9,0,0,0,0,0,0,0,0,0,0,0,0,0,0,0,0,0,0,0,0,0,0,0,0,0,0,0,0,0,0,0,0,0,0,0,0,0,0,0,0,0,0,0,0,0,0,0,0,0,0,0,0,0,0,0,0,0,0,0,0,0,0,0,0,0,0,0,0,0,0,0,0,0,0,0,0,0,0,0,0,0,0
25,35,0,32,0,6,9,23,7,12,22,9,13,6,25,18,11,0,8,9,22,0,9,22,23,24,9,0,12,13,16,10,9,0,17,5,4,18,5,12,17,9,0,0,0,0,0,0,0,0,0,0,0,0,0,0,0,0,0,0,0,0,0,0,0,0,0,0,0,0,0,0,0,0,0,0,0,0,0,0,0,0,0,0,0,0,0,0,0,0,0,0,0,0,0,0,0,0,0,0,0,0,0,0,0,0,0,0,0,0,0,0,0,0,0,0,0,0,0,0,0,0,0,0
26,27,13,7,12,24,13,11,23,24,9,0,5,15,25,24,9,0,25,18,8,0,26,9,22,30,3,11,9,22,24,0,5,25,10,24,22,9,24,9,18,8,9,0,23,29,17,20,24,19,17,9,0,25,18,8,0,27,13,22,15,25,18,11,9,18,0,0,0,0,0,0,0,0,0,0,0,0,0,0,0,0,0,0,0,0,0,0,0,0,0,0,0,0,0,0,0,0,0,0,0,0,0,0,0,0,0,0,0,0,0,0,0,0,0,0,0,0,0,0,0,0,0,0
26,35,0,33,0,27,13,7,12,24,13,11,23,24,9,0,5,15,25,24,9,0,25,18,8,0,26,9,22,30,3,11,9,22,24,0,5,25,10,24,22,9,24,9,18,8,9,0,23,29,17,20,24,19,17,9,0,25,18,8,0,27,13,22,15,25,18,11,9,18,0,0,0,0,0,0,0,0,0,0,0,0,0,0,0,0,0,0,0,0,0,0,0,0,0,0,0,0,0,0,0,0,0,0,0,0,0,0,0,0,0,0,0,0,0,0,0,0,0,0,0,0,0,0
26,35,0,33,0,27,13,7,12,24,13,11,23,24,9,0,5,15,25,24,9,0,25,18,8,0,26,9,22,30,3,11,9,22,24,0,5,25,10,24,22,9,24,9,18,8,9,0,23,29,17,20,24,19,17,9,0,25,18,8,0,27,13,22,15,25,18,11,9,18,0,0,0,0,0,0,0,0,0,0,0,0,0,0,0,0,0,0,0,0,0,0,0,0,0,0,0,0,0,0,0,0,0,0,0,0,0,0,0,0,0,0,0,0,0,0,0,0,0,0,0,0,0,0
26,17,19,23,24,0,13,17,20,19,22,24,5,18,24,0,23,29,17,20,24,19,17,23,0,5,18,8,0,9,10,10,9,7,24,23,0,6,19,24,12,0,5,7,25,24,9,0,5,18,8,0,8,9,16,5,29,9,8,0,0,0,0,0,0,0,0,0,0,0,0,0,0,0,0,0,0,0,0,0,0,0,0,0,0,0,0,0,0,0,0,0,0,0,0,0,0,0,0,0,0,0,0,0,0,0,0,0,0,0,0,0,0,0,0,0,0,0,0,0,0,0,0,0
26,35,0,33,0,17,19,23,24,0,13,17,20,19,22,24,5,18,24,0,23,29,17,20,24,19,17,23,0,5,18,8,0,9,10,10,9,7,24,23,0,6,19,24,12,0,5,7,25,24,9,0,5,18,8,0,8,9,16,5,29,9,8,0,0,0,0,0,0,0,0,0,0,0,0,0,0,0,0,0,0,0,0,0,0,0,0,0,0,0,0,0,0,0,0,0,0,0,0,0,0,0,0,0,0,0,0,0,0,0,0,0,0,0,0,0,0,0,0,0,0,0,0,0
26,35,0,33,0,17,19,23,24,0,13,17,20,19,22,24,5,18,24,0,23,29,17,20,24,19,17,23,0,5,18,8,0,9,10,10,9,7,24,23,0,6,19,24,12,0,5,7,25,24,9,0,5,18,8,0,8,9,16,5,29,9,8,0,0,0,0,0,0,0,0,0,0,0,0,0,0,0,0,0,0,0,0,0,0,0,0,0,0,0,0,0,0,0,0,0,0,0,0,0,0,0,0,0,0,0,0,0,0,0,0,0,0,0,0,0,0,0,0,0,0,0,0,0
27,12,13,18,27,9,13,23,9,0,5,25,10,0,1,22,30,24,16,13,7,12,9,0,23,19,10,19,22,24,12,13,16,10,9,0,19,8,9,22,0,23,20,9,30,13,5,16,6,9,12,5,18,8,16,25,18,11,0,0,0,0,0,0,0,0,0,0,0,0,0,0,0,0,0,0,0,0,0,0,0,0,0,0,0,0,0,0,0,0,0,0,0,0,0,0,0,0,0,0,0,0,0,0,0,0,0,0,0,0,0,0,0,0,0,0,0,0,0,0,0,0,0,0
27,35,0,34,0,12,13,18,27,9,13,23,9,0,5,25,10,0,1,22,30,24,16,13,7,12,9,0,23,19,10,19,22,24,12,13,16,10,9,0,19,8,9,22,0,23,20,9,30,13,5,16,6,9,12,5,18,8,16,25,18,11,0,0,0,0,0,0,0,0,0,0,0,0,0,0,0,0,0,0,0,0,0,0,0,0,0,0,0,0,0,0,0,0,0,0,0,0,0,0,0,0,0,0,0,0,0,0,0,0,0,0,0,0,0,0,0,0,0,0,0,0,0,0
27,35,0,34,0,12,13,18,27,9,13,23,9,0,5,25,10,0,1,22,30,24,16,13,7,12,9,0,23,19,10,19,22,24,12,13,16,10,9,0,19,8,9,22,0,23,20,9,30,13,5,16,6,9,12,5,18,8,16,25,18,11,0,0,0,0,0,0,0,0,0,0,0,0,0,0,0,0,0,0,0,0,0,0,0,0,0,0,0,0,0,0,0,0,0,0,0,0,0,0,0,0,0,0,0,0,0,0,0,0,0,0,0,0,0,0,0,0,0,0,0,0,0,0
28,16,3,23,7,12,17,13,24,24,9,16,0,0,0,0,0,0,0,0,0,0,0,0,0,0,0,0,0,0,0,0,0,0,0,0,0,0,0,0,0,0,0,0,0,0,0,0,0,0,0,0,0,0,0,0,0,0,0,0,0,0,0,0,0,0,0,0,0,0,0,0,0,0,0,0,0,0,0,0,0,0,0,0,0,0,0,0,0,0,0,0,0,0,0,0,0,0,0,0,0,0,0,0,0,0,0,0,0,0,0,0,0,0,0,0,0,0,0,0,0,0,0,0
28,36,0,32,0,16,3,23,7,12,17,13,24,24,9,16,0,0,0,0,0,0,0,0,0,0,0,0,0,0,0,0,0,0,0,0,0,0,0,0,0,0,0,0,0,0,0,0,0,0,0,0,0,0,0,0,0,0,0,0,0,0,0,0,0,0,0,0,0,0,0,0,0,0,0,0,0,0,0,0,0,0,0,0,0,0,0,0,0,0,0,0,0,0,0,0,0,0,0,0,0,0,0,0,0,0,0,0,0,0,0,0,0,0,0,0,0,0,0,0,0,0,0,0
28,36,0,32,0,16,3,23,7,12,17,13,24,24,9,16,0,0,0,0,0,0,0,0,0,0,0,0,0,0,0,0,0,0,0,0,0,0,0,0,0,0,0,0,0,0,0,0,0,0,0,0,0,0,0,0,0,0,0,0,0,0,0,0,0,0,0,0,0,0,0,0,0,0,0,0,0,0,0,0,0,0,0,0,0,0,0,0,0,0,0,0,0,0,0,0,0,0,0,0,0,0,0,0,0,0,0,0,0,0,0,0,0,0,0,0,0,0,0,0,0,0,0,0
29,6,9,23,19,18,8,9,22,9,0,26,19,17,0,23,24,19,10,10,0,19,8,9,22,0,11,9,17,13,23,7,12,0,5,25,23,11,9,12,9,18,8,9,0,11,9,10,5,12,22,9,18,0,0,0,0,0,0,0,0,0,0,0,0,0,0,0,0,0,0,0,0,0,0,0,0,0,0,0,0,0,0,0,0,0,0,0,0,0,0,0,0,0,0,0,0,0,0,0,0,0,0,0,0,0,0,0,0,0,0,0,0,0,0,0,0,0,0,0,0,0,0,0
29,36,0,33,0,6,9,23,19,18,8,9,22,9,0,26,19,17,0,23,24,19,10,10,0,19,8,9,22,0,11,9,17,13,23,7,12,0,5,25,23,11,9,12,9,18,8,9,0,11,9,10,5,12,22,9,18,0,0,0,0,0,0,0,0,0,0,0,0,0,0,0,0,0,0,0,0,0,0,0,0,0,0,0,0,0,0,0,0,0,0,0,0,0,0,0,0,0,0,0,0,0,0,0,0,0,0,0,0,0,0,0,0,0,0,0,0,0,0,0,0,0,0,0
29,36,0,33,0,6,9,23,19,18,8,9,22,9,0,26,19,17,0,23,24,19,10,10,0,19,8,9,22,0,11,9,17,13,23,7,12,0,5,25,23,11,9,12,9,18,8,9,0,11,9,10,5,12,22,9,18,0,0,0,0,0,0,0,0,0,0,0,0,0,0,0,0,0,0,0,0,0,0,0,0,0,0,0,0,0,0,0,0,0,0,0,0,0,0,0,0,0,0,0,0,0,0,0,0,0,0,0,0,0,0,0,0,0,0,0,0,0,0,0,0,0,0,0
30,12,13,18,27,9,13,23,9,0,10,2,22,0,8,13,9,0,6,22,5,18,8,6,9,15,1,17,20,10,25,18,11,0,0,0,0,0,0,0,0,0,0,0,0,0,0,0,0,0,0,0,0,0,0,0,0,0,0,0,0,0,0,0,0,0,0,0,0,0,0,0,0,0,0,0,0,0,0,0,0,0,0,0,0,0,0,0,0,0,0,0,0,0,0,0,0,0,0,0,0,0,0,0,0,0,0,0,0,0,0,0,0,0,0,0,0,0,0,0,0,0,0,0
30,36,0,34,0,12,13,18,27,9,13,23,9,0,10,2,22,0,8,13,9,0,6,22,5,18,8,6,9,15,1,17,20,10,25,18,11,0,0,0,0,0,0,0,0,0,0,0,0,0,0,0,0,0,0,0,0,0,0,0,0,0,0,0,0,0,0,0,0,0,0,0,0,0,0,0,0,0,0,0,0,0,0,0,0,0,0,0,0,0,0,0,0,0,0,0,0,0,0,0,0,0,0,0,0,0,0,0,0,0,0,0,0,0,0,0,0,0,0,0,0,0,0,0
30,36,0,34,0,12,13,18,27,9,13,23,9,0,10,2,22,0,8,13,9,0,6,22,5,18,8,6,9,15,1,17,20,10,25,18,11,0,0,0,0,0,0,0,0,0,0,0,0,0,0,0,0,0,0,0,0,0,0,0,0,0,0,0,0,0,0,0,0,0,0,0,0,0,0,0,0,0,0,0,0,0,0,0,0,0,0,0,0,0,0,0,0,0,0,0,0,0,0,0,0,0,0,0,0,0,0,0,0,0,0,0,0,0,0,0,0,0,0,0,0,0,0,0
31,20,9,22,23,19,18,9,18,6,9,30,19,11,9,18,9,0,26,19,22,23,13,7,12,24,23,17,5,4,18,5,12,17,9,18,0,23,7,12,25,24,30,5,25,23,22,2,23,24,25,18,11,9,18,0,25,18,8,0,13,18,0,18,19,24,10,1,16,16,9,18,0,5,18,30,25,27,9,18,8,9,18,8,9,0,26,9,22,10,5,12,22,9,18,0,0,0,0,0,0,0,0,0,0,0,0,0,0,0,0,0,0,0,0,0,0,0,0,0,0,0,0,0
31,37,0,32,0,20,9,22,23,19,18,9,18,6,9,30,19,11,9,18,9,0,26,19,22,23,13,7,12,24,23,17,5,4,18,5,12,17,9,18,0,23,7,12,25,24,30,5,25,23,22,2,23,24,25,18,11,9,18,0,25,18,8,0,13,18,0,18,19,24,10,1,16,16,9,18,0,5,18,30,25,27,9,18,8,9,18,8,9,0,26,9,22,10,5,12,22,9,18,0,0,0,0,0,0,0,0,0,0,0,0,0,0,0,0,0,0,0,0,0,0,0,0,0
31,37,0,32,0,20,9,22,23,19,18,9,18,6,9,30,19,11,9,18,9,0,26,19,22,23,13,7,12,24,23,17,5,4,18,5,12,17,9,18,0,23,7,12,25,24,30,5,25,23,22,2,23,24,25,18,11,9,18,0,25,18,8,0,13,18,0,18,19,24,10,1,16,16,9,18,0,5,18,30,25,27,9,18,8,9,18,8,9,0,26,9,22,10,5,12,22,9,18,0,0,0,0,0,0,0,0,0,0,0,0,0,0,0,0,0,0,0,0,0,0,0,0,0
32,25,17,27,9,16,24,23,7,12,25,24,30,17,5,4,18,5,12,17,9,18,0,0,0,0,0,0,0,0,0,0,0,0,0,0,0,0,0,0,0,0,0,0,0,0,0,0,0,0,0,0,0,0,0,0,0,0,0,0,0,0,0,0,0,0,0,0,0,0,0,0,0,0,0,0,0,0,0,0,0,0,0,0,0,0,0,0,0,0,0,0,0,0,0,0,0,0,0,0,0,0,0,0,0,0,0,0,0,0,0,0,0,0,0,0,0,0,0,0,0,0,0,0
32,37,0,33,0,25,17,27,9,16,24,23,7,12,25,24,30,17,5,4,18,5,12,17,9,18,0,0,0,0,0,0,0,0,0,0,0,0,0,0,0,0,0,0,0,0,0,0,0,0,0,0,0,0,0,0,0,0,0,0,0,0,0,0,0,0,0,0,0,0,0,0,0,0,0,0,0,0,0,0,0,0,0,0,0,0,0,0,0,0,0,0,0,0,0,0,0,0,0,0,0,0,0,0,0,0,0,0,0,0,0,0,0,0,0,0,0,0,0,0,0,0,0,0
32,37,0,33,0,25,17,27,9,16,24,23,7,12,25,24,30,17,5,4,18,5,12,17,9,18,0,0,0,0,0,0,0,0,0,0,0,0,0,0,0,0,0,0,0,0,0,0,0,0,0,0,0,0,0,0,0,0,0,0,0,0,0,0,0,0,0,0,0,0,0,0,0,0,0,0,0,0,0,0,0,0,0,0,0,0,0,0,0,0,0,0,0,0,0,0,0,0,0,0,0,0,0,0,0,0,0,0,0,0,0,0,0,0,0,0,0,0,0,0,0,0,0,0
33,17,9,24,12,19,8,9,18,0,25,18,8,0,17,5,24,9,22,13,5,16,0,10,2,22,0,22,2,7,15,12,5,16,24,25,18,11,0,25,18,8,0,22,9,13,18,13,11,25,18,11,0,0,0,0,0,0,0,0,0,0,0,0,0,0,0,0,0,0,0,0,0,0,0,0,0,0,0,0,0,0,0,0,0,0,0,0,0,0,0,0,0,0,0,0,0,0,0,0,0,0,0,0,0,0,0,0,0,0,0,0,0,0,0,0,0,0,0,0,0,0,0,0
33,37,0,34,0,17,9,24,12,19,8,9,18,0,25,18,8,0,17,5,24,9,22,13,5,16,0,10,2,22,0,22,2,7,15,12,5,16,24,25,18,11,0,25,18,8,0,22,9,13,18,13,11,25,18,11,0,0,0,0,0,0,0,0,0,0,0,0,0,0,0,0,0,0,0,0,0,0,0,0,0,0,0,0,0,0,0,0,0,0,0,0,0,0,0,0,0,0,0,0,0,0,0,0,0,0,0,0,0,0,0,0,0,0,0,0,0,0,0,0,0,0,0,0
33,37,0,34,0,17,9,24,12,19,8,9,18,0,25,18,8,0,17,5,24,9,22,13,5,16,0,10,2,22,0,22,2,7,15,12,5,16,24,25,18,11,0,25,18,8,0,22,9,13,18,13,11,25,18,11,0,0,0,0,0,0,0,0,0,0,0,0,0,0,0,0,0,0,0,0,0,0,0,0,0,0,0,0,0,0,0,0,0,0,0,0,0,0,0,0,0,0,0,0,0,0,0,0,0,0,0,0,0,0,0,0,0,0,0,0,0,0,0,0,0,0,0,0
33,26,9,22,10,5,12,22,9,18,0,30,25,22,0,22,9,13,18,13,11,25,18,11,0,0,0,0,0,0,0,0,0,0,0,0,0,0,0,0,0,0,0,0,0,0,0,0,0,0,0,0,0,0,0,0,0,0,0,0,0,0,0,0,0,0,0,0,0,0,0,0,0,0,0,0,0,0,0,0,0,0,0,0,0,0,0,0,0,0,0,0,0,0,0,0,0,0,0,0,0,0,0,0,0,0,0,0,0,0,0,0,0,0,0,0,0,0,0,0,0,0,0,0
33,37,0,34,0,26,9,22,10,5,12,22,9,18,0,30,25,22,0,22,9,13,18,13,11,25,18,11,0,0,0,0,0,0,0,0,0,0,0,0,0,0,0,0,0,0,0,0,0,0,0,0,0,0,0,0,0,0,0,0,0,0,0,0,0,0,0,0,0,0,0,0,0,0,0,0,0,0,0,0,0,0,0,0,0,0,0,0,0,0,0,0,0,0,0,0,0,0,0,0,0,0,0,0,0,0,0,0,0,0,0,0,0,0,0,0,0,0,0,0,0,0,0,0
33,37,0,34,0,26,9,22,10,5,12,22,9,18,0,30,25,22,0,22,9,13,18,13,11,25,18,11,0,0,0,0,0,0,0,0,0,0,0,0,0,0,0,0,0,0,0,0,0,0,0,0,0,0,0,0,0,0,0,0,0,0,0,0,0,0,0,0,0,0,0,0,0,0,0,0,0,0,0,0,0,0,0,0,0,0,0,0,0,0,0,0,0,0,0,0,0,0,0,0,0,0,0,0,0,0,0,0,0,0,0,0,0,0,0,0,0,0,0,0,0,0,0,0
34,26,9,22,27,9,13,23,0,5,25,10,0,5,18,8,9,22,9,0,5,6,23,7,12,18,13,24,24,9,0,0,0,0,0,0,0,0,0,0,0,0,0,0,0,0,0,0,0,0,0,0,0,0,0,0,0,0,0,0,0,0,0,0,0,0,0,0,0,0,0,0,0,0,0,0,0,0,0,0,0,0,0,0,0,0,0,0,0,0,0,0,0,0,0,0,0,0,0,0,0,0,0,0,0,0,0,0,0,0,0,0,0,0,0,0,0,0,0,0,0,0,0,0
34,37,0,35,0,26,9,22,27,9,13,23,0,5,25,10,0,5,18,8,9,22,9,0,5,6,23,7,12,18,13,24,24,9,0,0,0,0,0,0,0,0,0,0,0,0,0,0,0,0,0,0,0,0,0,0,0,0,0,0,0,0,0,0,0,0,0,0,0,0,0,0,0,0,0,0,0,0,0,0,0,0,0,0,0,0,0,0,0,0,0,0,0,0,0,0,0,0,0,0,0,0,0,0,0,0,0,0,0,0,0,0,0,0,0,0,0,0,0,0,0,0,0,0
34,37,0,35,0,26,9,22,27,9,13,23,0,5,25,10,0,5,18,8,9,22,9,0,5,6,23,7,12,18,13,24,24,9,0,0,0,0,0,0,0,0,0,0,0,0,0,0,0,0,0,0,0,0,0,0,0,0,0,0,0,0,0,0,0,0,0,0,0,0,0,0,0,0,0,0,0,0,0,0,0,0,0,0,0,0,0,0,0,0,0,0,0,0,0,0,0,0,0,0,0,0,0,0,0,0,0,0,0,0,0,0,0,0,0,0,0,0,0,0,0,0,0,0
35,23,7,12,25,24,30,17,5,4,18,5,12,17,9,18,0,30,25,22,0,23,13,7,12,9,22,9,18,0,12,5,18,8,12,5,6,25,18,11,0,0,0,0,0,0,0,0,0,0,0,0,0,0,0,0,0,0,0,0,0,0,0,0,0,0,0,0,0,0,0,0,0,0,0,0,0,0,0,0,0,0,0,0,0,0,0,0,0,0,0,0,0,0,0,0,0,0,0,0,0,0,0,0,0,0,0,0,0,0,0,0,0,0,0,0,0,0,0,0,0,0,0,0
35,38,0,32,0,23,7,12,25,24,30,17,5,4,18,5,12,17,9,18,0,30,25,22,0,23,13,7,12,9,22,9,18,0,12,5,18,8,12,5,6,25,18,11,0,0,0,0,0,0,0,0,0,0,0,0,0,0,0,0,0,0,0,0,0,0,0,0,0,0,0,0,0,0,0,0,0,0,0,0,0,0,0,0,0,0,0,0,0,0,0,0,0,0,0,0,0,0,0,0,0,0,0,0,0,0,0,0,0,0,0,0,0,0,0,0,0,0,0,0,0,0,0,0
35,38,0,32,0,23,7,12,25,24,30,17,5,4,18,5,12,17,9,18,0,30,25,22,0,23,13,7,12,9,22,9,18,0,12,5,18,8,12,5,6,25,18,11,0,0,0,0,0,0,0,0,0,0,0,0,0,0,0,0,0,0,0,0,0,0,0,0,0,0,0,0,0,0,0,0,0,0,0,0,0,0,0,0,0,0,0,0,0,0,0,0,0,0,0,0,0,0,0,0,0,0,0,0,0,0,0,0,0,0,0,0,0,0,0,0,0,0,0,0,0,0,0,0
36,6,9,8,13,18,11,25,18,11,9,18,0,30,25,22,0,23,13,7,12,9,22,9,18,0,16,5,11,9,22,25,18,11,0,25,18,24,9,22,0,6,9,22,2,7,15,23,13,7,12,24,13,11,25,18,11,0,26,19,18,0,25,18,26,9,22,24,22,1,11,16,13,7,12,15,9,13,24,9,18,0,0,0,0,0,0,0,0,0,0,0,0,0,0,0,0,0,0,0,0,0,0,0,0,0,0,0,0,0,0,0,0,0,0,0,0,0,0,0,0,0,0,0
36,38,0,33,0,6,9,8,13,18,11,25,18,11,9,18,0,30,25,22,0,23,13,7,12,9,22,9,18,0,16,5,11,9,22,25,18,11,0,25,18,24,9,22,0,6,9,22,2,7,15,23,13,7,12,24,13,11,25,18,11,0,26,19,18,0,25,18,26,9,22,24,22,1,11,16,13,7,12,15,9,13,24,9,18,0,0,0,0,0,0,0,0,0,0,0,0,0,0,0,0,0,0,0,0,0,0,0,0,0,0,0,0,0,0,0,0,0,0,0,0,0,0,0
36,38,0,33,0,6,9,8,13,18,11,25,18,11,9,18,0,30,25,22,0,23,13,7,12,9,22,9,18,0,16,5,11,9,22,25,18,11,0,25,18,24,9,22,0,6,9,22,2,7,15,23,13,7,12,24,13,11,25,18,11,0,26,19,18,0,25,18,26,9,22,24,22,1,11,16,13,7,12,15,9,13,24,9,18,0,0,0,0,0,0,0,0,0,0,0,0,0,0,0,0,0,0,0,0,0,0,0,0,0,0,0,0,0,0,0,0,0,0,0,0,0,0,0
37,23,20,9,30,13,10,13,23,7,12,9,0,9,18,8,5,18,27,9,18,8,25,18,11,9,18,0,0,0,0,0,0,0,0,0,0,0,0,0,0,0,0,0,0,0,0,0,0,0,0,0,0,0,0,0,0,0,0,0,0,0,0,0,0,0,0,0,0,0,0,0,0,0,0,0,0,0,0,0,0,0,0,0,0,0,0,0,0,0,0,0,0,0,0,0,0,0,0,0,0,0,0,0,0,0,0,0,0,0,0,0,0,0,0,0,0,0,0,0,0,0,0,0
37,38,0,34,0,23,20,9,30,13,10,13,23,7,12,9,0,9,18,8,5,18,27,9,18,8,25,18,11,9,18,0,0,0,0,0,0,0,0,0,0,0,0,0,0,0,0,0,0,0,0,0,0,0,0,0,0,0,0,0,0,0,0,0,0,0,0,0,0,0,0,0,0,0,0,0,0,0,0,0,0,0,0,0,0,0,0,0,0,0,0,0,0,0,0,0,0,0,0,0,0,0,0,0,0,0,0,0,0,0,0,0,0,0,0,0,0,0,0,0,0,0,0,0
37,38,0,34,0,23,20,9,30,13,10,13,23,7,12,9,0,9,18,8,5,18,27,9,18,8,25,18,11,9,18,0,0,0,0,0,0,0,0,0,0,0,0,0,0,0,0,0,0,0,0,0,0,0,0,0,0,0,0,0,0,0,0,0,0,0,0,0,0,0,0,0,0,0,0,0,0,0,0,0,0,0,0,0,0,0,0,0,0,0,0,0,0,0,0,0,0,0,0,0,0,0,0,0,0,0,0,0,0,0,0,0,0,0,0,0,0,0,0,0,0,0,0,0
38,30,25,0,2,6,9,22,27,5,7,12,9,18,8,9,0,20,5,22,5,17,9,24,9,22,0,0,0,0,0,0,0,0,0,0,0,0,0,0,0,0,0,0,0,0,0,0,0,0,0,0,0,0,0,0,0,0,0,0,0,0,0,0,0,0,0,0,0,0,0,0,0,0,0,0,0,0,0,0,0,0,0,0,0,0,0,0,0,0,0,0,0,0,0,0,0,0,0,0,0,0,0,0,0,0,0,0,0,0,0,0,0,0,0,0,0,0,0,0,0,0,0,0
38,39,0,32,0,30,25,0,2,6,9,22,27,5,7,12,9,18,8,9,0,20,5,22,5,17,9,24,9,22,0,0,0,0,0,0,0,0,0,0,0,0,0,0,0,0,0,0,0,0,0,0,0,0,0,0,0,0,0,0,0,0,0,0,0,0,0,0,0,0,0,0,0,0,0,0,0,0,0,0,0,0,0,0,0,0,0,0,0,0,0,0,0,0,0,0,0,0,0,0,0,0,0,0,0,0,0,0,0,0,0,0,0,0,0,0,0,0,0,0,0,0,0,0
38,39,0,32,0,30,25,0,2,6,9,22,27,5,7,12,9,18,8,9,0,20,5,22,5,17,9,24,9,22,0,0,0,0,0,0,0,0,0,0,0,0,0,0,0,0,0,0,0,0,0,0,0,0,0,0,0,0,0,0,0,0,0,0,0,0,0,0,0,0,0,0,0,0,0,0,0,0,0,0,0,0,0,0,0,0,0,0,0,0,0,0,0,0,0,0,0,0,0,0,0,0,0,0,0,0,0,0,0,0,0,0,0,0,0,0,0,0,0,0,0,0,0,0
39,6,9,11,22,9,18,30,25,18,11,0,25,18,8,0,2,6,9,22,27,5,7,12,25,18,11,0,8,9,22,0,9,28,20,19,23,13,24,13,19,18,0,0,0,0,0,0,0,0,0,0,0,0,0,0,0,0,0,0,0,0,0,0,0,0,0,0,0,0,0,0,0,0,0,0,0,0,0,0,0,0,0,0,0,0,0,0,0,0,0,0,0,0,0,0,0,0,0,0,0,0,0,0,0,0,0,0,0,0,0,0,0,0,0,0,0,0,0,0,0,0,0,0
39,39,0,33,0,6,9,11,22,9,18,30,25,18,11,0,25,18,8,0,2,6,9,22,27,5,7,12,25,18,11,0,8,9,22,0,9,28,20,19,23,13,24,13,19,18,0,0,0,0,0,0,0,0,0,0,0,0,0,0,0,0,0,0,0,0,0,0,0,0,0,0,0,0,0,0,0,0,0,0,0,0,0,0,0,0,0,0,0,0,0,0,0,0,0,0,0,0,0,0,0,0,0,0,0,0,0,0,0,0,0,0,0,0,0,0,0,0,0,0,0,0,0,0
39,39,0,33,0,6,9,11,22,9,18,30,25,18,11,0,25,18,8,0,2,6,9,22,27,5,7,12,25,18,11,0,8,9,22,0,9,28,20,19,23,13,24,13,19,18,0,0,0,0,0,0,0,0,0,0,0,0,0,0,0,0,0,0,0,0,0,0,0,0,0,0,0,0,0,0,0,0,0,0,0,0,0,0,0,0,0,0,0,0,0,0,0,0,0,0,0,0,0,0,0,0,0,0,0,0,0,0,0,0,0,0,0,0,0,0,0,0,0,0,0,0,0,0
40,5,18,11,5,6,9,18,0,30,25,0,8,9,18,0,11,22,25,18,8,16,9,11,9,18,8,9,18,0,20,12,29,23,13,15,5,16,13,23,7,12,9,18,0,25,18,8,0,7,12,9,17,13,23,7,12,9,18,0,9,13,11,9,18,23,7,12,5,10,24,9,18,0,0,0,0,0,0,0,0,0,0,0,0,0,0,0,0,0,0,0,0,0,0,0,0,0,0,0,0,0,0,0,0,0,0,0,0,0,0,0,0,0,0,0,0,0,0,0,0,0,0,0
40,40,0,32,0,5,18,11,5,6,9,18,0,30,25,0,8,9,18,0,11,22,25,18,8,16,9,11,9,18,8,9,18,0,20,12,29,23,13,15,5,16,13,23,7,12,9,18,0,25,18,8,0,7,12,9,17,13,23,7,12,9,18,0,9,13,11,9,18,23,7,12,5,10,24,9,18,0,0,0,0,0,0,0,0,0,0,0,0,0,0,0,0,0,0,0,0,0,0,0,0,0,0,0,0,0,0,0,0,0,0,0,0,0,0,0,0,0,0,0,0,0,0,0
40,40,0,32,0,5,18,11,5,6,9,18,0,30,25,0,8,9,18,0,11,22,25,18,8,16,9,11,9,18,8,9,18,0,20,12,29,23,13,15,5,16,13,23,7,12,9,18,0,25,18,8,0,7,12,9,17,13,23,7,12,9,18,0,9,13,11,9,18,23,7,12,5,10,24,9,18,0,0,0,0,0,0,0,0,0,0,0,0,0,0,0,0,0,0,0,0,0,0,0,0,0,0,0,0,0,0,0,0,0,0,0,0,0,0,0,0,0,0,0,0,0,0,0
40,9,22,23,7,12,9,13,18,25,18,11,23,6,13,16,8,0,0,0,0,0,0,0,0,0,0,0,0,0,0,0,0,0,0,0,0,0,0,0,0,0,0,0,0,0,0,0,0,0,0,0,0,0,0,0,0,0,0,0,0,0,0,0,0,0,0,0,0,0,0,0,0,0,0,0,0,0,0,0,0,0,0,0,0,0,0,0,0,0,0,0,0,0,0,0,0,0,0,0,0,0,0,0,0,0,0,0,0,0,0,0,0,0,0,0,0,0,0,0,0,0,0,0
40,40,0,32,0,9,22,23,7,12,9,13,18,25,18,11,23,6,13,16,8,0,0,0,0,0,0,0,0,0,0,0,0,0,0,0,0,0,0,0,0,0,0,0,0,0,0,0,0,0,0,0,0,0,0,0,0,0,0,0,0,0,0,0,0,0,0,0,0,0,0,0,0,0,0,0,0,0,0,0,0,0,0,0,0,0,0,0,0,0,0,0,0,0,0,0,0,0,0,0,0,0,0,0,0,0,0,0,0,0,0,0,0,0,0,0,0,0,0,0,0,0,0,0
40,40,0,32,0,9,22,23,7,12,9,13,18,25,18,11,23,6,13,16,8,0,0,0,0,0,0,0,0,0,0,0,0,0,0,0,0,0,0,0,0,0,0,0,0,0,0,0,0,0,0,0,0,0,0,0,0,0,0,0,0,0,0,0,0,0,0,0,0,0,0,0,0,0,0,0,0,0,0,0,0,0,0,0,0,0,0,0,0,0,0,0,0,0,0,0,0,0,0,0,0,0,0,0,0,0,0,0,0,0,0,0,0,0,0,0,0,0,0,0,0,0,0,0
41,23,19,18,23,24,13,11,9,0,5,18,11,5,6,9,18,0,0,0,0,0,0,0,0,0,0,0,0,0,0,0,0,0,0,0,0,0,0,0,0,0,0,0,0,0,0,0,0,0,0,0,0,0,0,0,0,0,0,0,0,0,0,0,0,0,0,0,0,0,0,0,0,0,0,0,0,0,0,0,0,0,0,0,0,0,0,0,0,0,0,0,0,0,0,0,0,0,0,0,0,0,0,0,0,0,0,0,0,0,0,0,0,0,0,0,0,0,0,0,0,0,0,0
41,40,0,33,0,23,19,18,23,24,13,11,9,0,5,18,11,5,6,9,18,0,0,0,0,0,0,0,0,0,0,0,0,0,0,0,0,0,0,0,0,0,0,0,0,0,0,0,0,0,0,0,0,0,0,0,0,0,0,0,0,0,0,0,0,0,0,0,0,0,0,0,0,0,0,0,0,0,0,0,0,0,0,0,0,0,0,0,0,0,0,0,0,0,0,0,0,0,0,0,0,0,0,0,0,0,0,0,0,0,0,0,0,0,0,0,0,0,0,0,0,0,0,0
41,40,0,33,0,23,19,18,23,24,13,11,9,0,5,18,11,5,6,9,18,0,0,0,0,0,0,0,0,0,0,0,0,0,0,0,0,0,0,0,0,0,0,0,0,0,0,0,0,0,0,0,0,0,0,0,0,0,0,0,0,0,0,0,0,0,0,0,0,0,0,0,0,0,0,0,0,0,0,0,0,0,0,0,0,0,0,0,0,0,0,0,0,0,0,0,0,0,0,0,0,0,0,0,0,0,0,0,0,0,0,0,0,0,0,0,0,0,0,0,0,0,0,0
42,22,9,5,15,24,13,26,13,24,1,24,0,0,0,0,0,0,0,0,0,0,0,0,0,0,0,0,0,0,0,0,0,0,0,0,0,0,0,0,0,0,0,0,0,0,0,0,0,0,0,0,0,0,0,0,0,0,0,0,0,0,0,0,0,0,0,0,0,0,0,0,0,0,0,0,0,0,0,0,0,0,0,0,0,0,0,0,0,0,0,0,0,0,0,0,0,0,0,0,0,0,0,0,0,0,0,0,0,0,0,0,0,0,0,0,0,0,0,0,0,0,0,0
42,32,31,0,32,0,22,9,5,15,24,13,26,13,24,1,24,0,0,0,0,0,0,0,0,0,0,0,0,0,0,0,0,0,0,0,0,0,0,0,0,0,0,0,0,0,0,0,0,0,0,0,0,0,0,0,0,0,0,0,0,0,0,0,0,0,0,0,0,0,0,0,0,0,0,0,0,0,0,0,0,0,0,0,0,0,0,0,0,0,0,0,0,0,0,0,0,0,0,0,0,0,0,0,0,0,0,0,0,0,0,0,0,0,0,0,0,0,0,0,0,0,0,0
42,32,31,0,32,0,22,9,5,15,24,13,26,13,24,1,24,0,0,0,0,0,0,0,0,0,0,0,0,0,0,0,0,0,0,0,0,0,0,0,0,0,0,0,0,0,0,0,0,0,0,0,0,0,0,0,0,0,0,0,0,0,0,0,0,0,0,0,0,0,0,0,0,0,0,0,0,0,0,0,0,0,0,0,0,0,0,0,0,0,0,0,0,0,0,0,0,0,0,0,0,0,0,0,0,0,0,0,0,0,0,0,0,0,0,0,0,0,0,0,0,0,0,0
42,22,9,5,7,24,13,26,13,24,29,0,0,0,0,0,0,0,0,0,0,0,0,0,0,0,0,0,0,0,0,0,0,0,0,0,0,0,0,0,0,0,0,0,0,0,0,0,0,0,0,0,0,0,0,0,0,0,0,0,0,0,0,0,0,0,0,0,0,0,0,0,0,0,0,0,0,0,0,0,0,0,0,0,0,0,0,0,0,0,0,0,0,0,0,0,0,0,0,0,0,0,0,0,0,0,0,0,0,0,0,0,0,0,0,0,0,0,0,0,0,0,0,0
42,32,31,0,32,0,22,9,5,7,24,13,26,13,24,29,0,0,0,0,0,0,0,0,0,0,0,0,0,0,0,0,0,0,0,0,0,0,0,0,0,0,0,0,0,0,0,0,0,0,0,0,0,0,0,0,0,0,0,0,0,0,0,0,0,0,0,0,0,0,0,0,0,0,0,0,0,0,0,0,0,0,0,0,0,0,0,0,0,0,0,0,0,0,0,0,0,0,0,0,0,0,0,0,0,0,0,0,0,0,0,0,0,0,0,0,0,0,0,0,0,0,0,0
42,32,31,0,32,0,22,9,5,7,24,13,26,13,24,29,0,0,0,0,0,0,0,0,0,0,0,0,0,0,0,0,0,0,0,0,0,0,0,0,0,0,0,0,0,0,0,0,0,0,0,0,0,0,0,0,0,0,0,0,0,0,0,0,0,0,0,0,0,0,0,0,0,0,0,0,0,0,0,0,0,0,0,0,0,0,0,0,0,0,0,0,0,0,0,0,0,0,0,0,0,0,0,0,0,0,0,0,0,0,0,0,0,0,0,0,0,0,0,0,0,0,0,0
43,7,12,9,17,13,23,7,12,9,0,23,24,5,6,13,16,13,24,1,24,0,0,0,0,0,0,0,0,0,0,0,0,0,0,0,0,0,0,0,0,0,0,0,0,0,0,0,0,0,0,0,0,0,0,0,0,0,0,0,0,0,0,0,0,0,0,0,0,0,0,0,0,0,0,0,0,0,0,0,0,0,0,0,0,0,0,0,0,0,0,0,0,0,0,0,0,0,0,0,0,0,0,0,0,0,0,0,0,0,0,0,0,0,0,0,0,0,0,0,0,0,0,0
43,32,31,0,33,0,7,12,9,17,13,23,7,12,9,0,23,24,5,6,13,16,13,24,1,24,0,0,0,0,0,0,0,0,0,0,0,0,0,0,0,0,0,0,0,0,0,0,0,0,0,0,0,0,0,0,0,0,0,0,0,0,0,0,0,0,0,0,0,0,0,0,0,0,0,0,0,0,0,0,0,0,0,0,0,0,0,0,0,0,0,0,0,0,0,0,0,0,0,0,0,0,0,0,0,0,0,0,0,0,0,0,0,0,0,0,0,0,0,0,0,0,0,0
43,32,31,0,33,0,7,12,9,17,13,23,7,12,9,0,23,24,5,6,13,16,13,24,1,24,0,0,0,0,0,0,0,0,0,0,0,0,0,0,0,0,0,0,0,0,0,0,0,0,0,0,0,0,0,0,0,0,0,0,0,0,0,0,0,0,0,0,0,0,0,0,0,0,0,0,0,0,0,0,0,0,0,0,0,0,0,0,0,0,0,0,0,0,0,0,0,0,0,0,0,0,0,0,0,0,0,0,0,0,0,0,0,0,0,0,0,0,0,0,0,0,0,0
43,7,12,9,17,13,7,5,16,0,23,24,5,6,13,16,13,24,29,0,0,0,0,0,0,0,0,0,0,0,0,0,0,0,0,0,0,0,0,0,0,0,0,0,0,0,0,0,0,0,0,0,0,0,0,0,0,0,0,0,0,0,0,0,0,0,0,0,0,0,0,0,0,0,0,0,0,0,0,0,0,0,0,0,0,0,0,0,0,0,0,0,0,0,0,0,0,0,0,0,0,0,0,0,0,0,0,0,0,0,0,0,0,0,0,0,0,0,0,0,0,0,0,0
43,32,31,0,33,0,7,12,9,17,13,7,5,16,0,23,24,5,6,13,16,13,24,29,0,0,0,0,0,0,0,0,0,0,0,0,0,0,0,0,0,0,0,0,0,0,0,0,0,0,0,0,0,0,0,0,0,0,0,0,0,0,0,0,0,0,0,0,0,0,0,0,0,0,0,0,0,0,0,0,0,0,0,0,0,0,0,0,0,0,0,0,0,0,0,0,0,0,0,0,0,0,0,0,0,0,0,0,0,0,0,0,0,0,0,0,0,0,0,0,0,0,0,0
43,32,31,0,33,0,7,12,9,17,13,7,5,16,0,23,24,5,6,13,16,13,24,29,0,0,0,0,0,0,0,0,0,0,0,0,0,0,0,0,0,0,0,0,0,0,0,0,0,0,0,0,0,0,0,0,0,0,0,0,0,0,0,0,0,0,0,0,0,0,0,0,0,0,0,0,0,0,0,0,0,0,0,0,0,0,0,0,0,0,0,0,0,0,0,0,0,0,0,0,0,0,0,0,0,0,0,0,0,0,0,0,0,0,0,0,0,0,0,0,0,0,0,0
43,23,24,5,6,13,16,13,24,1,24,0,0,0,0,0,0,0,0,0,0,0,0,0,0,0,0,0,0,0,0,0,0,0,0,0,0,0,0,0,0,0,0,0,0,0,0,0,0,0,0,0,0,0,0,0,0,0,0,0,0,0,0,0,0,0,0,0,0,0,0,0,0,0,0,0,0,0,0,0,0,0,0,0,0,0,0,0,0,0,0,0,0,0,0,0,0,0,0,0,0,0,0,0,0,0,0,0,0,0,0,0,0,0,0,0,0,0,0,0,0,0,0,0
43,32,31,0,33,0,23,24,5,6,13,16,13,24,1,24,0,0,0,0,0,0,0,0,0,0,0,0,0,0,0,0,0,0,0,0,0,0,0,0,0,0,0,0,0,0,0,0,0,0,0,0,0,0,0,0,0,0,0,0,0,0,0,0,0,0,0,0,0,0,0,0,0,0,0,0,0,0,0,0,0,0,0,0,0,0,0,0,0,0,0,0,0,0,0,0,0,0,0,0,0,0,0,0,0,0,0,0,0,0,0,0,0,0,0,0,0,0,0,0,0,0,0,0
43,32,31,0,33,0,23,24,5,6,13,16,13,24,1,24,0,0,0,0,0,0,0,0,0,0,0,0,0,0,0,0,0,0,0,0,0,0,0,0,0,0,0,0,0,0,0,0,0,0,0,0,0,0,0,0,0,0,0,0,0,0,0,0,0,0,0,0,0,0,0,0,0,0,0,0,0,0,0,0,0,0,0,0,0,0,0,0,0,0,0,0,0,0,0,0,0,0,0,0,0,0,0,0,0,0,0,0,0,0,0,0,0,0,0,0,0,0,0,0,0,0,0,0
44,17,3,11,16,13,7,12,15,9,13,24,0,11,9,10,1,12,22,16,13,7,12,9,22,0,22,9,5,15,24,13,19,18,9,18,0,0,0,0,0,0,0,0,0,0,0,0,0,0,0,0,0,0,0,0,0,0,0,0,0,0,0,0,0,0,0,0,0,0,0,0,0,0,0,0,0,0,0,0,0,0,0,0,0,0,0,0,0,0,0,0,0,0,0,0,0,0,0,0,0,0,0,0,0,0,0,0,0,0,0,0,0,0,0,0,0,0,0,0,0,0,0,0
44,32,31,0,34,0,17,3,11,16,13,7,12,15,9,13,24,0,11,9,10,1,12,22,16,13,7,12,9,22,0,22,9,5,15,24,13,19,18,9,18,0,0,0,0,0,0,0,0,0,0,0,0,0,0,0,0,0,0,0,0,0,0,0,0,0,0,0,0,0,0,0,0,0,0,0,0,0,0,0,0,0,0,0,0,0,0,0,0,0,0,0,0,0,0,0,0,0,0,0,0,0,0,0,0,0,0,0,0,0,0,0,0,0,0,0,0,0,0,0,0,0,0,0
44,32,31,0,34,0,17,3,11,16,13,7,12,15,9,13,24,0,11,9,10,1,12,22,16,13,7,12,9,22,0,22,9,5,15,24,13,19,18,9,18,0,0,0,0,0,0,0,0,0,0,0,0,0,0,0,0,0,0,0,0,0,0,0,0,0,0,0,0,0,0,0,0,0,0,0,0,0,0,0,0,0,0,0,0,0,0,0,0,0,0,0,0,0,0,0,0,0,0,0,0,0,0,0,0,0,0,0,0,0,0,0,0,0,0,0,0,0,0,0,0,0,0,0
44,17,3,11,16,13,7,12,9,0,11,9,10,1,12,22,16,13,7,12,9,0,22,9,5,15,24,13,19,18,9,18,0,0,0,0,0,0,0,0,0,0,0,0,0,0,0,0,0,0,0,0,0,0,0,0,0,0,0,0,0,0,0,0,0,0,0,0,0,0,0,0,0,0,0,0,0,0,0,0,0,0,0,0,0,0,0,0,0,0,0,0,0,0,0,0,0,0,0,0,0,0,0,0,0,0,0,0,0,0,0,0,0,0,0,0,0,0,0,0,0,0,0,0
44,32,31,0,34,0,17,3,11,16,13,7,12,9,0,11,9,10,1,12,22,16,13,7,12,9,0,22,9,5,15,24,13,19,18,9,18,0,0,0,0,0,0,0,0,0,0,0,0,0,0,0,0,0,0,0,0,0,0,0,0,0,0,0,0,0,0,0,0,0,0,0,0,0,0,0,0,0,0,0,0,0,0,0,0,0,0,0,0,0,0,0,0,0,0,0,0,0,0,0,0,0,0,0,0,0,0,0,0,0,0,0,0,0,0,0,0,0,0,0,0,0,0,0
44,32,31,0,34,0,17,3,11,16,13,7,12,9,0,11,9,10,1,12,22,16,13,7,12,9,0,22,9,5,15,24,13,19,18,9,18,0,0,0,0,0,0,0,0,0,0,0,0,0,0,0,0,0,0,0,0,0,0,0,0,0,0,0,0,0,0,0,0,0,0,0,0,0,0,0,0,0,0,0,0,0,0,0,0,0,0,0,0,0,0,0,0,0,0,0,0,0,0,0,0,0,0,0,0,0,0,0,0,0,0,0,0,0,0,0,0,0,0,0,0,0,0,0
44,11,9,10,1,12,22,16,13,7,12,9,0,22,9,5,15,24,13,19,18,9,18,0,0,0,0,0,0,0,0,0,0,0,0,0,0,0,0,0,0,0,0,0,0,0,0,0,0,0,0,0,0,0,0,0,0,0,0,0,0,0,0,0,0,0,0,0,0,0,0,0,0,0,0,0,0,0,0,0,0,0,0,0,0,0,0,0,0,0,0,0,0,0,0,0,0,0,0,0,0,0,0,0,0,0,0,0,0,0,0,0,0,0,0,0,0,0,0,0,0,0,0,0
44,32,31,0,34,0,11,9,10,1,12,22,16,13,7,12,9,0,22,9,5,15,24,13,19,18,9,18,0,0,0,0,0,0,0,0,0,0,0,0,0,0,0,0,0,0,0,0,0,0,0,0,0,0,0,0,0,0,0,0,0,0,0,0,0,0,0,0,0,0,0,0,0,0,0,0,0,0,0,0,0,0,0,0,0,0,0,0,0,0,0,0,0,0,0,0,0,0,0,0,0,0,0,0,0,0,0,0,0,0,0,0,0,0,0,0,0,0,0,0,0,0,0,0
44,32,31,0,34,0,11,9,10,1,12,22,16,13,7,12,9,0,22,9,5,15,24,13,19,18,9,18,0,0,0,0,0,0,0,0,0,0,0,0,0,0,0,0,0,0,0,0,0,0,0,0,0,0,0,0,0,0,0,0,0,0,0,0,0,0,0,0,0,0,0,0,0,0,0,0,0,0,0,0,0,0,0,0,0,0,0,0,0,0,0,0,0,0,0,0,0,0,0,0,0,0,0,0,0,0,0,0,0,0,0,0,0,0,0,0,0,0,0,0,0,0,0,0
45,30,25,0,26,9,22,17,9,13,8,9,18,8,9,0,6,9,8,13,18,11,25,18,11,9,18,0,0,0,0,0,0,0,0,0,0,0,0,0,0,0,0,0,0,0,0,0,0,0,0,0,0,0,0,0,0,0,0,0,0,0,0,0,0,0,0,0,0,0,0,0,0,0,0,0,0,0,0,0,0,0,0,0,0,0,0,0,0,0,0,0,0,0,0,0,0,0,0,0,0,0,0,0,0,0,0,0,0,0,0,0,0,0,0,0,0,0,0,0,0,0,0,0
45,32,31,0,35,0,30,25,0,26,9,22,17,9,13,8,9,18,8,9,0,6,9,8,13,18,11,25,18,11,9,18,0,0,0,0,0,0,0,0,0,0,0,0,0,0,0,0,0,0,0,0,0,0,0,0,0,0,0,0,0,0,0,0,0,0,0,0,0,0,0,0,0,0,0,0,0,0,0,0,0,0,0,0,0,0,0,0,0,0,0,0,0,0,0,0,0,0,0,0,0,0,0,0,0,0,0,0,0,0,0,0,0,0,0,0,0,0,0,0,0,0,0,0
45,32,31,0,35,0,30,25,0,26,9,22,17,9,13,8,9,18,8,9,0,6,9,8,13,18,11,25,18,11,9,18,0,0,0,0,0,0,0,0,0,0,0,0,0,0,0,0,0,0,0,0,0,0,0,0,0,0,0,0,0,0,0,0,0,0,0,0,0,0,0,0,0,0,0,0,0,0,0,0,0,0,0,0,0,0,0,0,0,0,0,0,0,0,0,0,0,0,0,0,0,0,0,0,0,0,0,0,0,0,0,0,0,0,0,0,0,0,0,0,0,0,0,0
45,7,19,18,8,13,24,13,19,18,23,0,24,19,0,5,26,19,13,8,0,0,0,0,0,0,0,0,0,0,0,0,0,0,0,0,0,0,0,0,0,0,0,0,0,0,0,0,0,0,0,0,0,0,0,0,0,0,0,0,0,0,0,0,0,0,0,0,0,0,0,0,0,0,0,0,0,0,0,0,0,0,0,0,0,0,0,0,0,0,0,0,0,0,0,0,0,0,0,0,0,0,0,0,0,0,0,0,0,0,0,0,0,0,0,0,0,0,0,0,0,0,0,0
45,32,31,0,35,0,7,19,18,8,13,24,13,19,18,23,0,24,19,0,5,26,19,13,8,0,0,0,0,0,0,0,0,0,0,0,0,0,0,0,0,0,0,0,0,0,0,0,0,0,0,0,0,0,0,0,0,0,0,0,0,0,0,0,0,0,0,0,0,0,0,0,0,0,0,0,0,0,0,0,0,0,0,0,0,0,0,0,0,0,0,0,0,0,0,0,0,0,0,0,0,0,0,0,0,0,0,0,0,0,0,0,0,0,0,0,0,0,0,0,0,0,0,0
45,32,31,0,35,0,7,19,18,8,13,24,13,19,18,23,0,24,19,0,5,26,19,13,8,0,0,0,0,0,0,0,0,0,0,0,0,0,0,0,0,0,0,0,0,0,0,0,0,0,0,0,0,0,0,0,0,0,0,0,0,0,0,0,0,0,0,0,0,0,0,0,0,0,0,0,0,0,0,0,0,0,0,0,0,0,0,0,0,0,0,0,0,0,0,0,0,0,0,0,0,0,0,0,0,0,0,0,0,0,0,0,0,0,0,0,0,0,0,0,0,0,0,0
46,25,18,26,9,22,24,22,1,11,16,13,7,12,9,0,17,5,24,9,22,13,5,16,13,9,18,0,0,0,0,0,0,0,0,0,0,0,0,0,0,0,0,0,0,0,0,0,0,0,0,0,0,0,0,0,0,0,0,0,0,0,0,0,0,0,0,0,0,0,0,0,0,0,0,0,0,0,0,0,0,0,0,0,0,0,0,0,0,0,0,0,0,0,0,0,0,0,0,0,0,0,0,0,0,0,0,0,0,0,0,0,0,0,0,0,0,0,0,0,0,0,0,0
46,32,31,0,36,0,25,18,26,9,22,24,22,1,11,16,13,7,12,9,0,17,5,24,9,22,13,5,16,13,9,18,0,0,0,0,0,0,0,0,0,0,0,0,0,0,0,0,0,0,0,0,0,0,0,0,0,0,0,0,0,0,0,0,0,0,0,0,0,0,0,0,0,0,0,0,0,0,0,0,0,0,0,0,0,0,0,0,0,0,0,0,0,0,0,0,0,0,0,0,0,0,0,0,0,0,0,0,0,0,0,0,0,0,0,0,0,0,0,0,0,0,0,0
46,32,31,0,36,0,25,18,26,9,22,24,22,1,11,16,13,7,12,9,0,17,5,24,9,22,13,5,16,13,9,18,0,0,0,0,0,0,0,0,0,0,0,0,0,0,0,0,0,0,0,0,0,0,0,0,0,0,0,0,0,0,0,0,0,0,0,0,0,0,0,0,0,0,0,0,0,0,0,0,0,0,0,0,0,0,0,0,0,0,0,0,0,0,0,0,0,0,0,0,0,0,0,0,0,0,0,0,0,0,0,0,0,0,0,0,0,0,0,0,0,0,0,0
46,25,18,26,9,22,24,22,1,11,16,13,7,12,9,0,23,24,19,10,10,9,0,0,0,0,0,0,0,0,0,0,0,0,0,0,0,0,0,0,0,0,0,0,0,0,0,0,0,0,0,0,0,0,0,0,0,0,0,0,0,0,0,0,0,0,0,0,0,0,0,0,0,0,0,0,0,0,0,0,0,0,0,0,0,0,0,0,0,0,0,0,0,0,0,0,0,0,0,0,0,0,0,0,0,0,0,0,0,0,0,0,0,0,0,0,0,0,0,0,0,0,0,0
46,32,31,0,36,0,25,18,26,9,22,24,22,1,11,16,13,7,12,9,0,23,24,19,10,10,9,0,0,0,0,0,0,0,0,0,0,0,0,0,0,0,0,0,0,0,0,0,0,0,0,0,0,0,0,0,0,0,0,0,0,0,0,0,0,0,0,0,0,0,0,0,0,0,0,0,0,0,0,0,0,0,0,0,0,0,0,0,0,0,0,0,0,0,0,0,0,0,0,0,0,0,0,0,0,0,0,0,0,0,0,0,0,0,0,0,0,0,0,0,0,0,0,0
46,32,31,0,36,0,25,18,26,9,22,24,22,1,11,16,13,7,12,9,0,23,24,19,10,10,9,0,0,0,0,0,0,0,0,0,0,0,0,0,0,0,0,0,0,0,0,0,0,0,0,0,0,0,0,0,0,0,0,0,0,0,0,0,0,0,0,0,0,0,0,0,0,0,0,0,0,0,0,0,0,0,0,0,0,0,0,0,0,0,0,0,0,0,0,0,0,0,0,0,0,0,0,0,0,0,0,0,0,0,0,0,0,0,0,0,0,0,0,0,0,0,0,0
46,30,25,0,26,9,22,17,9,13,8,9,18,8,9,0,23,24,19,10,10,9,0,0,0,0,0,0,0,0,0,0,0,0,0,0,0,0,0,0,0,0,0,0,0,0,0,0,0,0,0,0,0,0,0,0,0,0,0,0,0,0,0,0,0,0,0,0,0,0,0,0,0,0,0,0,0,0,0,0,0,0,0,0,0,0,0,0,0,0,0,0,0,0,0,0,0,0,0,0,0,0,0,0,0,0,0,0,0,0,0,0,0,0,0,0,0,0,0,0,0,0,0,0
46,32,31,0,36,0,30,25,0,26,9,22,17,9,13,8,9,18,8,9,0,23,24,19,10,10,9,0,0,0,0,0,0,0,0,0,0,0,0,0,0,0,0,0,0,0,0,0,0,0,0,0,0,0,0,0,0,0,0,0,0,0,0,0,0,0,0,0,0,0,0,0,0,0,0,0,0,0,0,0,0,0,0,0,0,0,0,0,0,0,0,0,0,0,0,0,0,0,0,0,0,0,0,0,0,0,0,0,0,0,0,0,0,0,0,0,0,0,0,0,0,0,0,0
46,32,31,0,36,0,30,25,0,26,9,22,17,9,13,8,9,18,8,9,0,23,24,19,10,10,9,0,0,0,0,0,0,0,0,0,0,0,0,0,0,0,0,0,0,0,0,0,0,0,0,0,0,0,0,0,0,0,0,0,0,0,0,0,0,0,0,0,0,0,0,0,0,0,0,0,0,0,0,0,0,0,0,0,0,0,0,0,0,0,0,0,0,0,0,0,0,0,0,0,0,0,0,0,0,0,0,0,0,0,0,0,0,0,0,0,0,0,0,0,0,0,0,0
47,11,9,10,1,12,22,16,13,7,12,9,0,30,9,22,23,9,24,30,25,18,11,23,20,22,19,8,25,15,24,9,0,0,0,0,0,0,0,0,0,0,0,0,0,0,0,0,0,0,0,0,0,0,0,0,0,0,0,0,0,0,0,0,0,0,0,0,0,0,0,0,0,0,0,0,0,0,0,0,0,0,0,0,0,0,0,0,0,0,0,0,0,0,0,0,0,0,0,0,0,0,0,0,0,0,0,0,0,0,0,0,0,0,0,0,0,0,0,0,0,0,0,0
47,32,31,0,37,0,11,9,10,1,12,22,16,13,7,12,9,0,30,9,22,23,9,24,30,25,18,11,23,20,22,19,8,25,15,24,9,0,0,0,0,0,0,0,0,0,0,0,0,0,0,0,0,0,0,0,0,0,0,0,0,0,0,0,0,0,0,0,0,0,0,0,0,0,0,0,0,0,0,0,0,0,0,0,0,0,0,0,0,0,0,0,0,0,0,0,0,0,0,0,0,0,0,0,0,0,0,0,0,0,0,0,0,0,0,0,0,0,0,0,0,0,0,0
47,32,31,0,37,0,11,9,10,1,12,22,16,13,7,12,9,0,30,9,22,23,9,24,30,25,18,11,23,20,22,19,8,25,15,24,9,0,0,0,0,0,0,0,0,0,0,0,0,0,0,0,0,0,0,0,0,0,0,0,0,0,0,0,0,0,0,0,0,0,0,0,0,0,0,0,0,0,0,0,0,0,0,0,0,0,0,0,0,0,0,0,0,0,0,0,0,0,0,0,0,0,0,0,0,0,0,0,0,0,0,0,0,0,0,0,0,0,0,0,0,0,0,0
47,12,5,30,5,22,8,19,25,23,0,8,9,7,19,17,20,19,23,13,24,13,19,18,0,20,22,19,8,25,7,24,23,0,0,0,0,0,0,0,0,0,0,0,0,0,0,0,0,0,0,0,0,0,0,0,0,0,0,0,0,0,0,0,0,0,0,0,0,0,0,0,0,0,0,0,0,0,0,0,0,0,0,0,0,0,0,0,0,0,0,0,0,0,0,0,0,0,0,0,0,0,0,0,0,0,0,0,0,0,0,0,0,0,0,0,0,0,0,0,0,0,0,0
47,32,31,0,37,0,12,5,30,5,22,8,19,25,23,0,8,9,7,19,17,20,19,23,13,24,13,19,18,0,20,22,19,8,25,7,24,23,0,0,0,0,0,0,0,0,0,0,0,0,0,0,0,0,0,0,0,0,0,0,0,0,0,0,0,0,0,0,0,0,0,0,0,0,0,0,0,0,0,0,0,0,0,0,0,0,0,0,0,0,0,0,0,0,0,0,0,0,0,0,0,0,0,0,0,0,0,0,0,0,0,0,0,0,0,0,0,0,0,0,0,0,0,0
47,32,31,0,37,0,12,5,30,5,22,8,19,25,23,0,8,9,7,19,17,20,19,23,13,24,13,19,18,0,20,22,19,8,25,7,24,23,0,0,0,0,0,0,0,0,0,0,0,0,0,0,0,0,0,0,0,0,0,0,0,0,0,0,0,0,0,0,0,0,0,0,0,0,0,0,0,0,0,0,0,0,0,0,0,0,0,0,0,0,0,0,0,0,0,0,0,0,0,0,0,0,0,0,0,0,0,0,0,0,0,0,0,0,0,0,0,0,0,0,0,0,0,0
48,5,18,11,5,6,9,18,0,30,25,0,24,19,28,13,15,19,16,19,11,13,23,7,12,9,18,0,27,13,22,15,25,18,11,9,18,0,0,0,0,0,0,0,0,0,0,0,0,0,0,0,0,0,0,0,0,0,0,0,0,0,0,0,0,0,0,0,0,0,0,0,0,0,0,0,0,0,0,0,0,0,0,0,0,0,0,0,0,0,0,0,0,0,0,0,0,0,0,0,0,0,0,0,0,0,0,0,0,0,0,0,0,0,0,0,0,0,0,0,0,0,0,0
48,32,32,0,32,0,5,18,11,5,6,9,18,0,30,25,0,24,19,28,13,15,19,16,19,11,13,23,7,12,9,18,0,27,13,22,15,25,18,11,9,18,0,0,0,0,0,0,0,0,0,0,0,0,0,0,0,0,0,0,0,0,0,0,0,0,0,0,0,0,0,0,0,0,0,0,0,0,0,0,0,0,0,0,0,0,0,0,0,0,0,0,0,0,0,0,0,0,0,0,0,0,0,0,0,0,0,0,0,0,0,0,0,0,0,0,0,0,0,0,0,0,0,0
48,32,32,0,32,0,5,18,11,5,6,9,18,0,30,25,0,24,19,28,13,15,19,16,19,11,13,23,7,12,9,18,0,27,13,22,15,25,18,11,9,18,0,0,0,0,0,0,0,0,0,0,0,0,0,0,0,0,0,0,0,0,0,0,0,0,0,0,0,0,0,0,0,0,0,0,0,0,0,0,0,0,0,0,0,0,0,0,0,0,0,0,0,0,0,0,0,0,0,0,0,0,0,0,0,0,0,0,0,0,0,0,0,0,0,0,0,0,0,0,0,0,0,0
49,24,19,28,13,30,13,24,1,24,0,0,0,0,0,0,0,0,0,0,0,0,0,0,0,0,0,0,0,0,0,0,0,0,0,0,0,0,0,0,0,0,0,0,0,0,0,0,0,0,0,0,0,0,0,0,0,0,0,0,0,0,0,0,0,0,0,0,0,0,0,0,0,0,0,0,0,0,0,0,0,0,0,0,0,0,0,0,0,0,0,0,0,0,0,0,0,0,0,0,0,0,0,0,0,0,0,0,0,0,0,0,0,0,0,0,0,0,0,0,0,0,0,0
49,32,33,0,32,0,24,19,28,13,30,13,24,1,24,0,0,0,0,0,0,0,0,0,0,0,0,0,0,0,0,0,0,0,0,0,0,0,0,0,0,0,0,0,0,0,0,0,0,0,0,0,0,0,0,0,0,0,0,0,0,0,0,0,0,0,0,0,0,0,0,0,0,0,0,0,0,0,0,0,0,0,0,0,0,0,0,0,0,0,0,0,0,0,0,0,0,0,0,0,0,0,0,0,0,0,0,0,0,0,0,0,0,0,0,0,0,0,0,0,0,0,0,0
49,32,33,0,32,0,24,19,28,13,30,13,24,1,24,0,0,0,0,0,0,0,0,0,0,0,0,0,0,0,0,0,0,0,0,0,0,0,0,0,0,0,0,0,0,0,0,0,0,0,0,0,0,0,0,0,0,0,0,0,0,0,0,0,0,0,0,0,0,0,0,0,0,0,0,0,0,0,0,0,0,0,0,0,0,0,0,0,0,0,0,0,0,0,0,0,0,0,0,0,0,0,0,0,0,0,0,0,0,0,0,0,0,0,0,0,0,0,0,0,0,0,0,0
50,20,9,22,23,13,23,24,9,18,30,0,25,18,8,0,5,6,6,5,25,6,5,22,15,9,13,24,0,0,0,0,0,0,0,0,0,0,0,0,0,0,0,0,0,0,0,0,0,0,0,0,0,0,0,0,0,0,0,0,0,0,0,0,0,0,0,0,0,0,0,0,0,0,0,0,0,0,0,0,0,0,0,0,0,0,0,0,0,0,0,0,0,0,0,0,0,0,0,0,0,0,0,0,0,0,0,0,0,0,0,0,0,0,0,0,0,0,0,0,0,0,0,0
50,32,33,0,33,0,20,9,22,23,13,23,24,9,18,30,0,25,18,8,0,5,6,6,5,25,6,5,22,15,9,13,24,0,0,0,0,0,0,0,0,0,0,0,0,0,0,0,0,0,0,0,0,0,0,0,0,0,0,0,0,0,0,0,0,0,0,0,0,0,0,0,0,0,0,0,0,0,0,0,0,0,0,0,0,0,0,0,0,0,0,0,0,0,0,0,0,0,0,0,0,0,0,0,0,0,0,0,0,0,0,0,0,0,0,0,0,0,0,0,0,0,0,0
50,32,33,0,33,0,20,9,22,23,13,23,24,9,18,30,0,25,18,8,0,5,6,6,5,25,6,5,22,15,9,13,24,0,0,0,0,0,0,0,0,0,0,0,0,0,0,0,0,0,0,0,0,0,0,0,0,0,0,0,0,0,0,0,0,0,0,0,0,0,0,0,0,0,0,0,0,0,0,0,0,0,0,0,0,0,0,0,0,0,0,0,0,0,0,0,0,0,0,0,0,0,0,0,0,0,0,0,0,0,0,0,0,0,0,0,0,0,0,0,0,0,0,0
51,6,13,19,5,15,15,25,17,25,16,5,24,13,19,18,23,20,19,24,9,18,30,13,5,16,0,0,0,0,0,0,0,0,0,0,0,0,0,0,0,0,0,0,0,0,0,0,0,0,0,0,0,0,0,0,0,0,0,0,0,0,0,0,0,0,0,0,0,0,0,0,0,0,0,0,0,0,0,0,0,0,0,0,0,0,0,0,0,0,0,0,0,0,0,0,0,0,0,0,0,0,0,0,0,0,0,0,0,0,0,0,0,0,0,0,0,0,0,0,0,0,0,0
51,32,33,0,34,0,6,13,19,5,15,15,25,17,25,16,5,24,13,19,18,23,20,19,24,9,18,30,13,5,16,0,0,0,0,0,0,0,0,0,0,0,0,0,0,0,0,0,0,0,0,0,0,0,0,0,0,0,0,0,0,0,0,0,0,0,0,0,0,0,0,0,0,0,0,0,0,0,0,0,0,0,0,0,0,0,0,0,0,0,0,0,0,0,0,0,0,0,0,0,0,0,0,0,0,0,0,0,0,0,0,0,0,0,0,0,0,0,0,0,0,0,0,0
51,32,33,0,34,0,6,13,19,5,15,15,25,17,25,16,5,24,13,19,18,23,20,19,24,9,18,30,13,5,16,0,0,0,0,0,0,0,0,0,0,0,0,0,0,0,0,0,0,0,0,0,0,0,0,0,0,0,0,0,0,0,0,0,0,0,0,0,0,0,0,0,0,0,0,0,0,0,0,0,0,0,0,0,0,0,0,0,0,0,0,0,0,0,0,0,0,0,0,0,0,0,0,0,0,0,0,0,0,0,0,0,0,0,0,0,0,0,0,0,0,0,0,0
52,17,19,6,13,16,13,24,1,24,0,13,17,0,6,19,8,9,18,0,0,0,0,0,0,0,0,0,0,0,0,0,0,0,0,0,0,0,0,0,0,0,0,0,0,0,0,0,0,0,0,0,0,0,0,0,0,0,0,0,0,0,0,0,0,0,0,0,0,0,0,0,0,0,0,0,0,0,0,0,0,0,0,0,0,0,0,0,0,0,0,0,0,0,0,0,0,0,0,0,0,0,0,0,0,0,0,0,0,0,0,0,0,0,0,0,0,0,0,0,0,0,0,0
52,32,33,0,35,0,17,19,6,13,16,13,24,1,24,0,13,17,0,6,19,8,9,18,0,0,0,0,0,0,0,0,0,0,0,0,0,0,0,0,0,0,0,0,0,0,0,0,0,0,0,0,0,0,0,0,0,0,0,0,0,0,0,0,0,0,0,0,0,0,0,0,0,0,0,0,0,0,0,0,0,0,0,0,0,0,0,0,0,0,0,0,0,0,0,0,0,0,0,0,0,0,0,0,0,0,0,0,0,0,0,0,0,0,0,0,0,0,0,0,0,0,0,0
52,32,33,0,35,0,17,19,6,13,16,13,24,1,24,0,13,17,0,6,19,8,9,18,0,0,0,0,0,0,0,0,0,0,0,0,0,0,0,0,0,0,0,0,0,0,0,0,0,0,0,0,0,0,0,0,0,0,0,0,0,0,0,0,0,0,0,0,0,0,0,0,0,0,0,0,0,0,0,0,0,0,0,0,0,0,0,0,0,0,0,0,0,0,0,0,0,0,0,0,0,0,0,0,0,0,0,0,0,0,0,0,0,0,0,0,0,0,0,0,0,0,0,0
53,9,22,11,9,6,18,13,23,0,8,9,22,0,20,6,24,0,25,18,8,0,26,20,26,6,0,6,9,25,22,24,9,13,16,25,18,11,0,0,0,0,0,0,0,0,0,0,0,0,0,0,0,0,0,0,0,0,0,0,0,0,0,0,0,0,0,0,0,0,0,0,0,0,0,0,0,0,0,0,0,0,0,0,0,0,0,0,0,0,0,0,0,0,0,0,0,0,0,0,0,0,0,0,0,0,0,0,0,0,0,0,0,0,0,0,0,0,0,0,0,0,0,0
53,32,33,0,36,0,9,22,11,9,6,18,13,23,0,8,9,22,0,20,6,24,0,25,18,8,0,26,20,26,6,0,6,9,25,22,24,9,13,16,25,18,11,0,0,0,0,0,0,0,0,0,0,0,0,0,0,0,0,0,0,0,0,0,0,0,0,0,0,0,0,0,0,0,0,0,0,0,0,0,0,0,0,0,0,0,0,0,0,0,0,0,0,0,0,0,0,0,0,0,0,0,0,0,0,0,0,0,0,0,0,0,0,0,0,0,0,0,0,0,0,0,0,0
53,32,33,0,36,0,9,22,11,9,6,18,13,23,0,8,9,22,0,20,6,24,0,25,18,8,0,26,20,26,6,0,6,9,25,22,24,9,13,16,25,18,11,0,0,0,0,0,0,0,0,0,0,0,0,0,0,0,0,0,0,0,0,0,0,0,0,0,0,0,0,0,0,0,0,0,0,0,0,0,0,0,0,0,0,0,0,0,0,0,0,0,0,0,0,0,0,0,0,0,0,0,0,0,0,0,0,0,0,0,0,0,0,0,0,0,0,0,0,0,0,0,0,0
54,5,18,8,9,22,9,0,23,7,12,1,8,16,13,7,12,9,0,27,13,22,15,25,18,11,9,18,0,0,0,0,0,0,0,0,0,0,0,0,0,0,0,0,0,0,0,0,0,0,0,0,0,0,0,0,0,0,0,0,0,0,0,0,0,0,0,0,0,0,0,0,0,0,0,0,0,0,0,0,0,0,0,0,0,0,0,0,0,0,0,0,0,0,0,0,0,0,0,0,0,0,0,0,0,0,0,0,0,0,0,0,0,0,0,0,0,0,0,0,0,0,0,0
54,32,33,0,37,0,5,18,8,9,22,9,0,23,7,12,1,8,16,13,7,12,9,0,27,13,22,15,25,18,11,9,18,0,0,0,0,0,0,0,0,0,0,0,0,0,0,0,0,0,0,0,0,0,0,0,0,0,0,0,0,0,0,0,0,0,0,0,0,0,0,0,0,0,0,0,0,0,0,0,0,0,0,0,0,0,0,0,0,0,0,0,0,0,0,0,0,0,0,0,0,0,0,0,0,0,0,0,0,0,0,0,0,0,0,0,0,0,0,0,0,0,0,0
54,32,33,0,37,0,5,18,8,9,22,9,0,23,7,12,1,8,16,13,7,12,9,0,27,13,22,15,25,18,11,9,18,0,0,0,0,0,0,0,0,0,0,0,0,0,0,0,0,0,0,0,0,0,0,0,0,0,0,0,0,0,0,0,0,0,0,0,0,0,0,0,0,0,0,0,0,0,0,0,0,0,0,0,0,0,0,0,0,0,0,0,0,0,0,0,0,0,0,0,0,0,0,0,0,0,0,0,0,0,0,0,0,0,0,0,0,0,0,0,0,0,0,0
55,26,9,22,10,5,12,22,9,18,0,8,9,22,0,5,6,10,5,16,16,6,9,12,5,18,8,16,25,18,11,0,0,0,0,0,0,0,0,0,0,0,0,0,0,0,0,0,0,0,0,0,0,0,0,0,0,0,0,0,0,0,0,0,0,0,0,0,0,0,0,0,0,0,0,0,0,0,0,0,0,0,0,0,0,0,0,0,0,0,0,0,0,0,0,0,0,0,0,0,0,0,0,0,0,0,0,0,0,0,0,0,0,0,0,0,0,0,0,0,0,0,0,0
55,32,34,0,32,0,26,9,22,10,5,12,22,9,18,0,8,9,22,0,5,6,10,5,16,16,6,9,12,5,18,8,16,25,18,11,0,0,0,0,0,0,0,0,0,0,0,0,0,0,0,0,0,0,0,0,0,0,0,0,0,0,0,0,0,0,0,0,0,0,0,0,0,0,0,0,0,0,0,0,0,0,0,0,0,0,0,0,0,0,0,0,0,0,0,0,0,0,0,0,0,0,0,0,0,0,0,0,0,0,0,0,0,0,0,0,0,0,0,0,0,0,0,0
55,32,34,0,32,0,26,9,22,10,5,12,22,9,18,0,8,9,22,0,5,6,10,5,16,16,6,9,12,5,18,8,16,25,18,11,0,0,0,0,0,0,0,0,0,0,0,0,0,0,0,0,0,0,0,0,0,0,0,0,0,0,0,0,0,0,0,0,0,0,0,0,0,0,0,0,0,0,0,0,0,0,0,0,0,0,0,0,0,0,0,0,0,0,0,0,0,0,0,0,0,0,0,0,0,0,0,0,0,0,0,0,0,0,0,0,0,0,0,0,0,0,0,0
56,25,18,0,18,25,17,17,9,22,0,0,0,0,0,0,0,0,0,0,0,0,0,0,0,0,0,0,0,0,0,0,0,0,0,0,0,0,0,0,0,0,0,0,0,0,0,0,0,0,0,0,0,0,0,0,0,0,0,0,0,0,0,0,0,0,0,0,0,0,0,0,0,0,0,0,0,0,0,0,0,0,0,0,0,0,0,0,0,0,0,0,0,0,0,0,0,0,0,0,0,0,0,0,0,0,0,0,0,0,0,0,0,0,0,0,0,0,0,0,0,0,0,0
56,32,35,0,32,0,25,18,0,18,25,17,17,9,22,0,0,0,0,0,0,0,0,0,0,0,0,0,0,0,0,0,0,0,0,0,0,0,0,0,0,0,0,0,0,0,0,0,0,0,0,0,0,0,0,0,0,0,0,0,0,0,0,0,0,0,0,0,0,0,0,0,0,0,0,0,0,0,0,0,0,0,0,0,0,0,0,0,0,0,0,0,0,0,0,0,0,0,0,0,0,0,0,0,0,0,0,0,0,0,0,0,0,0,0,0,0,0,0,0,0,0,0,0
56,32,35,0,32,0,25,18,0,18,25,17,17,9,22,0,0,0,0,0,0,0,0,0,0,0,0,0,0,0,0,0,0,0,0,0,0,0,0,0,0,0,0,0,0,0,0,0,0,0,0,0,0,0,0,0,0,0,0,0,0,0,0,0,0,0,0,0,0,0,0,0,0,0,0,0,0,0,0,0,0,0,0,0,0,0,0,0,0,0,0,0,0,0,0,0,0,0,0,0,0,0,0,0,0,0,0,0,0,0,0,0,0,0,0,0,0,0,0,0,0,0,0,0
56,25,18,0,18,22,0,0,0,0,0,0,0,0,0,0,0,0,0,0,0,0,0,0,0,0,0,0,0,0,0,0,0,0,0,0,0,0,0,0,0,0,0,0,0,0,0,0,0,0,0,0,0,0,0,0,0,0,0,0,0,0,0,0,0,0,0,0,0,0,0,0,0,0,0,0,0,0,0,0,0,0,0,0,0,0,0,0,0,0,0,0,0,0,0,0,0,0,0,0,0,0,0,0,0,0,0,0,0,0,0,0,0,0,0,0,0,0,0,0,0,0,0,0
56,32,35,0,32,0,25,18,0,18,22,0,0,0,0,0,0,0,0,0,0,0,0,0,0,0,0,0,0,0,0,0,0,0,0,0,0,0,0,0,0,0,0,0,0,0,0,0,0,0,0,0,0,0,0,0,0,0,0,0,0,0,0,0,0,0,0,0,0,0,0,0,0,0,0,0,0,0,0,0,0,0,0,0,0,0,0,0,0,0,0,0,0,0,0,0,0,0,0,0,0,0,0,0,0,0,0,0,0,0,0,0,0,0,0,0,0,0,0,0,0,0,0,0
56,32,35,0,32,0,25,18,0,18,22,0,0,0,0,0,0,0,0,0,0,0,0,0,0,0,0,0,0,0,0,0,0,0,0,0,0,0,0,0,0,0,0,0,0,0,0,0,0,0,0,0,0,0,0,0,0,0,0,0,0,0,0,0,0,0,0,0,0,0,0,0,0,0,0,0,0,0,0,0,0,0,0,0,0,0,0,0,0,0,0,0,0,0,0,0,0,0,0,0,0,0,0,0,0,0,0,0,0,0,0,0,0,0,0,0,0,0,0,0,0,0,0,0
57,19,22,8,18,25,18,11,23,11,9,17,1,4,9,0,25,18,0,26,9,22,23,5,18,8,6,9,30,9,13,7,12,18,25,18,11,0,0,0,0,0,0,0,0,0,0,0,0,0,0,0,0,0,0,0,0,0,0,0,0,0,0,0,0,0,0,0,0,0,0,0,0,0,0,0,0,0,0,0,0,0,0,0,0,0,0,0,0,0,0,0,0,0,0,0,0,0,0,0,0,0,0,0,0,0,0,0,0,0,0,0,0,0,0,0,0,0,0,0,0,0,0,0
57,32,35,0,33,0,19,22,8,18,25,18,11,23,11,9,17,1,4,9,0,25,18,0,26,9,22,23,5,18,8,6,9,30,9,13,7,12,18,25,18,11,0,0,0,0,0,0,0,0,0,0,0,0,0,0,0,0,0,0,0,0,0,0,0,0,0,0,0,0,0,0,0,0,0,0,0,0,0,0,0,0,0,0,0,0,0,0,0,0,0,0,0,0,0,0,0,0,0,0,0,0,0,0,0,0,0,0,0,0,0,0,0,0,0,0,0,0,0,0,0,0,0,0
57,32,35,0,33,0,19,22,8,18,25,18,11,23,11,9,17,1,4,9,0,25,18,0,26,9,22,23,5,18,8,6,9,30,9,13,7,12,18,25,18,11,0,0,0,0,0,0,0,0,0,0,0,0,0,0,0,0,0,0,0,0,0,0,0,0,0,0,0,0,0,0,0,0,0,0,0,0,0,0,0,0,0,0,0,0,0,0,0,0,0,0,0,0,0,0,0,0,0,0,0,0,0,0,0,0,0,0,0,0,0,0,0,0,0,0,0,0,0,0,0,0,0,0
57,6,9,30,9,13,7,12,18,25,18,11,0,8,9,23,0,11,25,24,9,23,0,0,0,0,0,0,0,0,0,0,0,0,0,0,0,0,0,0,0,0,0,0,0,0,0,0,0,0,0,0,0,0,0,0,0,0,0,0,0,0,0,0,0,0,0,0,0,0,0,0,0,0,0,0,0,0,0,0,0,0,0,0,0,0,0,0,0,0,0,0,0,0,0,0,0,0,0,0,0,0,0,0,0,0,0,0,0,0,0,0,0,0,0,0,0,0,0,0,0,0,0,0
57,32,35,0,33,0,6,9,30,9,13,7,12,18,25,18,11,0,8,9,23,0,11,25,24,9,23,0,0,0,0,0,0,0,0,0,0,0,0,0,0,0,0,0,0,0,0,0,0,0,0,0,0,0,0,0,0,0,0,0,0,0,0,0,0,0,0,0,0,0,0,0,0,0,0,0,0,0,0,0,0,0,0,0,0,0,0,0,0,0,0,0,0,0,0,0,0,0,0,0,0,0,0,0,0,0,0,0,0,0,0,0,0,0,0,0,0,0,0,0,0,0,0,0
57,32,35,0,33,0,6,9,30,9,13,7,12,18,25,18,11,0,8,9,23,0,11,25,24,9,23,0,0,0,0,0,0,0,0,0,0,0,0,0,0,0,0,0,0,0,0,0,0,0,0,0,0,0,0,0,0,0,0,0,0,0,0,0,0,0,0,0,0,0,0,0,0,0,0,0,0,0,0,0,0,0,0,0,0,0,0,0,0,0,0,0,0,0,0,0,0,0,0,0,0,0,0,0,0,0,0,0,0,0,0,0,0,0,0,0,0,0,0,0,0,0,0,0
58,24,22,5,18,23,20,19,22,24,11,9,10,5,12,22,9,18,15,16,5,23,23,9,18,0,0,0,0,0,0,0,0,0,0,0,0,0,0,0,0,0,0,0,0,0,0,0,0,0,0,0,0,0,0,0,0,0,0,0,0,0,0,0,0,0,0,0,0,0,0,0,0,0,0,0,0,0,0,0,0,0,0,0,0,0,0,0,0,0,0,0,0,0,0,0,0,0,0,0,0,0,0,0,0,0,0,0,0,0,0,0,0,0,0,0,0,0,0,0,0,0,0,0
58,32,35,0,34,0,24,22,5,18,23,20,19,22,24,11,9,10,5,12,22,9,18,15,16,5,23,23,9,18,0,0,0,0,0,0,0,0,0,0,0,0,0,0,0,0,0,0,0,0,0,0,0,0,0,0,0,0,0,0,0,0,0,0,0,0,0,0,0,0,0,0,0,0,0,0,0,0,0,0,0,0,0,0,0,0,0,0,0,0,0,0,0,0,0,0,0,0,0,0,0,0,0,0,0,0,0,0,0,0,0,0,0,0,0,0,0,0,0,0,0,0,0,0
58,32,35,0,34,0,24,22,5,18,23,20,19,22,24,11,9,10,5,12,22,9,18,15,16,5,23,23,9,18,0,0,0,0,0,0,0,0,0,0,0,0,0,0,0,0,0,0,0,0,0,0,0,0,0,0,0,0,0,0,0,0,0,0,0,0,0,0,0,0,0,0,0,0,0,0,0,0,0,0,0,0,0,0,0,0,0,0,0,0,0,0,0,0,0,0,0,0,0,0,0,0,0,0,0,0,0,0,0,0,0,0,0,0,0,0,0,0,0,0,0,0,0,0
59,26,9,22,20,5,7,15,25,18,11,23,11,22,25,20,20,9,0,0,0,0,0,0,0,0,0,0,0,0,0,0,0,0,0,0,0,0,0,0,0,0,0,0,0,0,0,0,0,0,0,0,0,0,0,0,0,0,0,0,0,0,0,0,0,0,0,0,0,0,0,0,0,0,0,0,0,0,0,0,0,0,0,0,0,0,0,0,0,0,0,0,0,0,0,0,0,0,0,0,0,0,0,0,0,0,0,0,0,0,0,0,0,0,0,0,0,0,0,0,0,0,0,0
59,32,35,0,35,0,26,9,22,20,5,7,15,25,18,11,23,11,22,25,20,20,9,0,0,0,0,0,0,0,0,0,0,0,0,0,0,0,0,0,0,0,0,0,0,0,0,0,0,0,0,0,0,0,0,0,0,0,0,0,0,0,0,0,0,0,0,0,0,0,0,0,0,0,0,0,0,0,0,0,0,0,0,0,0,0,0,0,0,0,0,0,0,0,0,0,0,0,0,0,0,0,0,0,0,0,0,0,0,0,0,0,0,0,0,0,0,0,0,0,0,0,0,0
59,32,35,0,35,0,26,9,22,20,5,7,15,25,18,11,23,11,22,25,20,20,9,0,0,0,0,0,0,0,0,0,0,0,0,0,0,0,0,0,0,0,0,0,0,0,0,0,0,0,0,0,0,0,0,0,0,0,0,0,0,0,0,0,0,0,0,0,0,0,0,0,0,0,0,0,0,0,0,0,0,0,0,0,0,0,0,0,0,0,0,0,0,0,0,0,0,0,0,0,0,0,0,0,0,0,0,0,0,0,0,0,0,0,0,0,0,0,0,0,0,0,0,0
60,25,17,27,9,16,24,11,9,10,5,12,22,9,18,0,0,0,0,0,0,0,0,0,0,0,0,0,0,0,0,0,0,0,0,0,0,0,0,0,0,0,0,0,0,0,0,0,0,0,0,0,0,0,0,0,0,0,0,0,0,0,0,0,0,0,0,0,0,0,0,0,0,0,0,0,0,0,0,0,0,0,0,0,0,0,0,0,0,0,0,0,0,0,0,0,0,0,0,0,0,0,0,0,0,0,0,0,0,0,0,0,0,0,0,0,0,0,0,0,0,0,0,0
60,32,35,0,36,0,25,17,27,9,16,24,11,9,10,5,12,22,9,18,0,0,0,0,0,0,0,0,0,0,0,0,0,0,0,0,0,0,0,0,0,0,0,0,0,0,0,0,0,0,0,0,0,0,0,0,0,0,0,0,0,0,0,0,0,0,0,0,0,0,0,0,0,0,0,0,0,0,0,0,0,0,0,0,0,0,0,0,0,0,0,0,0,0,0,0,0,0,0,0,0,0,0,0,0,0,0,0,0,0,0,0,0,0,0,0,0,0,0,0,0,0,0,0
60,32,35,0,36,0,25,17,27,9,16,24,11,9,10,5,12,22,9,18,0,0,0,0,0,0,0,0,0,0,0,0,0,0,0,0,0,0,0,0,0,0,0,0,0,0,0,0,0,0,0,0,0,0,0,0,0,0,0,0,0,0,0,0,0,0,0,0,0,0,0,0,0,0,0,0,0,0,0,0,0,0,0,0,0,0,0,0,0,0,0,0,0,0,0,0,0,0,0,0,0,0,0,0,0,0,0,0,0,0,0,0,0,0,0,0,0,0,0,0,0,0,0,0
61,6,9,23,19,18,8,9,22,9,0,26,19,22,23,13,7,12,24,23,12,13,18,27,9,13,23,9,0,10,2,22,0,8,9,18,0,26,9,22,27,9,18,8,9,22,0,0,0,0,0,0,0,0,0,0,0,0,0,0,0,0,0,0,0,0,0,0,0,0,0,0,0,0,0,0,0,0,0,0,0,0,0,0,0,0,0,0,0,0,0,0,0,0,0,0,0,0,0,0,0,0,0,0,0,0,0,0,0,0,0,0,0,0,0,0,0,0,0,0,0,0,0,0
61,32,35,0,37,0,6,9,23,19,18,8,9,22,9,0,26,19,22,23,13,7,12,24,23,12,13,18,27,9,13,23,9,0,10,2,22,0,8,9,18,0,26,9,22,27,9,18,8,9,22,0,0,0,0,0,0,0,0,0,0,0,0,0,0,0,0,0,0,0,0,0,0,0,0,0,0,0,0,0,0,0,0,0,0,0,0,0,0,0,0,0,0,0,0,0,0,0,0,0,0,0,0,0,0,0,0,0,0,0,0,0,0,0,0,0,0,0,0,0,0,0,0,0
61,32,35,0,37,0,6,9,23,19,18,8,9,22,9,0,26,19,22,23,13,7,12,24,23,12,13,18,27,9,13,23,9,0,10,2,22,0,8,9,18,0,26,9,22,27,9,18,8,9,22,0,0,0,0,0,0,0,0,0,0,0,0,0,0,0,0,0,0,0,0,0,0,0,0,0,0,0,0,0,0,0,0,0,0,0,0,0,0,0,0,0,0,0,0,0,0,0,0,0,0,0,0,0,0,0,0,0,0,0,0,0,0,0,0,0,0,0,0,0,0,0,0,0
62,17,5,23,23,9,18,11,25,24,6,9,10,3,22,8,9,22,25,18,11,0,11,9,17,1,4,0,5,18,12,5,18,11,0,13,13,0,8,9,23,0,17,5,22,20,19,16,0,2,6,9,22,9,13,18,15,19,17,17,9,18,23,0,25,18,8,0,11,9,17,1,4,0,13,6,7,0,7,19,8,9,0,0,0,0,0,0,0,0,0,0,0,0,0,0,0,0,0,0,0,0,0,0,0,0,0,0,0,0,0,0,0,0,0,0,0,0,0,0,0,0,0,0
62,32,35,0,38,0,17,5,23,23,9,18,11,25,24,6,9,10,3,22,8,9,22,25,18,11,0,11,9,17,1,4,0,5,18,12,5,18,11,0,13,13,0,8,9,23,0,17,5,22,20,19,16,0,2,6,9,22,9,13,18,15,19,17,17,9,18,23,0,25,18,8,0,11,9,17,1,4,0,13,6,7,0,7,19,8,9,0,0,0,0,0,0,0,0,0,0,0,0,0,0,0,0,0,0,0,0,0,0,0,0,0,0,0,0,0,0,0,0,0,0,0,0,0
62,32,35,0,38,0,17,5,23,23,9,18,11,25,24,6,9,10,3,22,8,9,22,25,18,11,0,11,9,17,1,4,0,5,18,12,5,18,11,0,13,13,0,8,9,23,0,17,5,22,20,19,16,0,2,6,9,22,9,13,18,15,19,17,17,9,18,23,0,25,18,8,0,11,9,17,1,4,0,13,6,7,0,7,19,8,9,0,0,0,0,0,0,0,0,0,0,0,0,0,0,0,0,0,0,0,0,0,0,0,0,0,0,0,0,0,0,0,0,0,0,0,0,0
63,26,19,22,23,7,12,22,13,10,24,9,18,0,30,25,0,23,13,7,12,9,22,12,9,13,24,0,11,9,23,25,18,8,12,9,13,24,23,0,25,18,8,0,25,17,27,9,16,24,23,7,12,25,24,30,0,23,20,9,30,13,10,13,23,7,12,9,0,22,9,7,12,24,23,26,19,22,23,7,12,22,13,10,24,9,18,0,10,2,22,0,8,9,18,0,23,24,19,10,10,0,19,8,9,22,0,8,5,23,0,11,9,17,13,23,7,12,0,0,0,0,0,0
63,32,36,0,32,0,26,19,22,23,7,12,22,13,10,24,9,18,0,30,25,0,23,13,7,12,9,22,12,9,13,24,0,11,9,23,25,18,8,12,9,13,24,23,0,25,18,8,0,25,17,27,9,16,24,23,7,12,25,24,30,0,23,20,9,30,13,10,13,23,7,12,9,0,22,9,7,12,24,23,26,19,22,23,7,12,22,13,10,24,9,18,0,10,2,22,0,8,9,18,0,23,24,19,10,10,0,19,8,9,22,0,8,5,23,0,11,9,17,13,23,7,12,0
63,32,36,0,32,0,26,19,22,23,7,12,22,13,10,24,9,18,0,30,25,0,23,13,7,12,9,22,12,9,13,24,0,11,9,23,25,18,8,12,9,13,24,23,0,25,18,8,0,25,17,27,9,16,24,23,7,12,25,24,30,0,23,20,9,30,13,10,13,23,7,12,9,0,22,9,7,12,24,23,26,19,22,23,7,12,22,13,10,24,9,18,0,10,2,22,0,8,9,18,0,23,24,19,10,10,0,19,8,9,22,0,8,5,23,0,11,9,17,13,23,7,12,0
64,23,24,19,10,10,23,13,7,12,9,22,12,9,13,24,23,6,9,25,22,24,9,13,16,25,18,11,0,0,0,0,0,0,0,0,0,0,0,0,0,0,0,0,0,0,0,0,0,0,0,0,0,0,0,0,0,0,0,0,0,0,0,0,0,0,0,0,0,0,0,0,0,0,0,0,0,0,0,0,0,0,0,0,0,0,0,0,0,0,0,0,0,0,0,0,0,0,0,0,0,0,0,0,0,0,0,0,0,0,0,0,0,0,0,0,0,0,0,0,0,0,0,0
64,32,36,0,33,0,23,24,19,10,10,23,13,7,12,9,22,12,9,13,24,23,6,9,25,22,24,9,13,16,25,18,11,0,0,0,0,0,0,0,0,0,0,0,0,0,0,0,0,0,0,0,0,0,0,0,0,0,0,0,0,0,0,0,0,0,0,0,0,0,0,0,0,0,0,0,0,0,0,0,0,0,0,0,0,0,0,0,0,0,0,0,0,0,0,0,0,0,0,0,0,0,0,0,0,0,0,0,0,0,0,0,0,0,0,0,0,0,0,0,0,0,0,0
64,32,36,0,33,0,23,24,19,10,10,23,13,7,12,9,22,12,9,13,24,23,6,9,25,22,24,9,13,16,25,18,11,0,0,0,0,0,0,0,0,0,0,0,0,0,0,0,0,0,0,0,0,0,0,0,0,0,0,0,0,0,0,0,0,0,0,0,0,0,0,0,0,0,0,0,0,0,0,0,0,0,0,0,0,0,0,0,0,0,0,0,0,0,0,0,0,0,0,0,0,0,0,0,0,0,0,0,0,0,0,0,0,0,0,0,0,0,0,0,0,0,0,0
